"","data_source","ar1","SD","skew","lake","res","method","computation"
"1","Anabaena",-0.688888888888889,-0.480384461415261,0.733333333333333,"Kinneret","Yearly","univariate EWS","rolling"
"2","Anuraeopsis",-0.333333333333333,0.567907343754401,-1,"Kinneret","Yearly","univariate EWS","rolling"
"3","Aphanizomenon",0.333333333333333,-0.159473230186125,0.816496580927726,"Kinneret","Yearly","univariate EWS","rolling"
"4","Aphanocapsa",0.214285714285714,-0.552116069452088,0.944911182523068,"Kinneret","Yearly","univariate EWS","rolling"
"5","Ascomorpha",0.472527472527473,0.274725274725275,0.0549450549450549,"Kinneret","Yearly","univariate EWS","rolling"
"6","AsplanPriod",0.230769230769231,-0.0989010989010989,-0.0549450549450549,"Kinneret","Yearly","univariate EWS","rolling"
"7","Aulacoseira",0.010989010989011,0.67032967032967,-0.032967032967033,"Kinneret","Yearly","univariate EWS","rolling"
"8","Bosmina",-0.340659340659341,-0.472527472527473,-0.0769230769230769,"Kinneret","Yearly","univariate EWS","rolling"
"9","Brachionus",0.164835164835165,-0.956043956043956,0.56043956043956,"Kinneret","Yearly","univariate EWS","rolling"
"10","Ceriodaphnia",0.296703296703297,-0.56043956043956,-0.252747252747253,"Kinneret","Yearly","univariate EWS","rolling"
"11","Chlamydomonas",0.428571428571429,0.296703296703297,0.67032967032967,"Kinneret","Yearly","univariate EWS","rolling"
"12","Chlorella",-0.472527472527473,-0.626373626373626,0.648351648351648,"Kinneret","Yearly","univariate EWS","rolling"
"13","Chlorophyte",-0.220997848043932,0.220997848043932,-0.384615384615385,"Kinneret","Yearly","univariate EWS","rolling"
"14","Chodatella",-0.274725274725275,-0.0989010989010989,0.032967032967033,"Kinneret","Yearly","univariate EWS","rolling"
"15","Chroococcus",0.450549450549451,-0.142857142857143,-0.296703296703297,"Kinneret","Yearly","univariate EWS","rolling"
"16","Chydorus",0.331496772065898,0.428571428571429,-0.773492468153762,"Kinneret","Yearly","univariate EWS","rolling"
"17","Closterium",0.516483516483517,0.846153846153846,0.0549450549450549,"Kinneret","Yearly","univariate EWS","rolling"
"18","Coelastrum",0.142857142857143,-0.296703296703297,0.538461538461538,"Kinneret","Yearly","univariate EWS","rolling"
"19","copepotide-i",0.164835164835165,-0.384615384615385,-0.164835164835165,"Kinneret","Yearly","univariate EWS","rolling"
"20","copepotide-ii",0.0549450549450549,-0.274725274725275,-0.0769230769230769,"Kinneret","Yearly","univariate EWS","rolling"
"21","copepotide-iii",0.758241758241758,0.472527472527473,0.164835164835165,"Kinneret","Yearly","univariate EWS","rolling"
"22","copepotide-iv",0.692307692307692,0.0769230769230769,-0.384615384615385,"Kinneret","Yearly","univariate EWS","rolling"
"23","copepotide-v",-0.0769230769230769,-0.736263736263736,-0.0769230769230769,"Kinneret","Yearly","univariate EWS","rolling"
"24","Cosmarium",-0.384615384615385,-0.67032967032967,-0.252747252747253,"Kinneret","Yearly","univariate EWS","rolling"
"25","Cryptomonas",-0.472527472527473,-0.626373626373626,0.538461538461538,"Kinneret","Yearly","univariate EWS","rolling"
"26","Cyanodictyon",-0.0769230769230769,-0.340659340659341,-0.0549450549450549,"Kinneret","Yearly","univariate EWS","rolling"
"27","cyclopid-N-I-III",0.736263736263736,0.296703296703297,0.56043956043956,"Kinneret","Yearly","univariate EWS","rolling"
"28","cyclopoid-N-IV-VI",0.274725274725275,0.142857142857143,0.406593406593407,"Kinneret","Yearly","univariate EWS","rolling"
"29","Cyclotella",-0.0989010989010989,-0.340659340659341,-0.230769230769231,"Kinneret","Yearly","univariate EWS","rolling"
"30","Diaphanosoma",-0.274725274725275,-0.714285714285714,-0.274725274725275,"Kinneret","Yearly","univariate EWS","rolling"
"31","Hexarthra",-0.208791208791209,-0.296703296703297,-0.186813186813187,"Kinneret","Yearly","univariate EWS","rolling"
"32","Keratella",0.0549450549450549,-0.736263736263736,0.252747252747253,"Kinneret","Yearly","univariate EWS","rolling"
"33","Lyngbya",0.894427190999916,-0.726273039202563,NA,"Kinneret","Yearly","univariate EWS","rolling"
"34","Mesocyclops",0.164835164835165,-0.582417582417582,-0.142857142857143,"Kinneret","Yearly","univariate EWS","rolling"
"35","Microcystis",-0.78021978021978,-0.78021978021978,-0.296703296703297,"Kinneret","Yearly","univariate EWS","rolling"
"36","Nitzschia",0.707776073131163,-0.129735384517205,0.312652699740361,"Kinneret","Yearly","univariate EWS","rolling"
"37","Oocystis",-0.362637362637363,-0.0549450549450549,0.0769230769230769,"Kinneret","Yearly","univariate EWS","rolling"
"38","Pediastrum",0.736263736263736,0.252747252747253,-0.318681318681319,"Kinneret","Yearly","univariate EWS","rolling"
"39","Peridinium",-0.296703296703297,0.362637362637363,0.186813186813187,"Kinneret","Yearly","univariate EWS","rolling"
"40","Polyarthra",-0.142857142857143,0.538461538461538,0.296703296703297,"Kinneret","Yearly","univariate EWS","rolling"
"41","Radiocystis",0.406593406593407,0.252747252747253,-0.032967032967033,"Kinneret","Yearly","univariate EWS","rolling"
"42","Rhodomonas",0.164835164835165,0.318681318681319,-0.318681318681319,"Kinneret","Yearly","univariate EWS","rolling"
"43","Scenedesmus",-0.56043956043956,-0.406593406593407,-0.274725274725275,"Kinneret","Yearly","univariate EWS","rolling"
"44","Synchaeta",0.0769230769230769,-0.758241758241758,0.120879120879121,"Kinneret","Yearly","univariate EWS","rolling"
"45","SynchOblong",-0.252747252747253,-0.758241758241758,-0.362637362637363,"Kinneret","Yearly","univariate EWS","rolling"
"46","Synedra",-0.340659340659341,-0.362637362637363,0.582417582417582,"Kinneret","Yearly","univariate EWS","rolling"
"47","Tetraedron",0.010989010989011,0.736263736263736,-0.406593406593407,"Kinneret","Yearly","univariate EWS","rolling"
"48","Tetrastrum",-0.163636363636364,-0.807287428918265,0.880771012101088,"Kinneret","Yearly","univariate EWS","rolling"
"49","Thermocyclops",0.120879120879121,-0.824175824175824,0.010989010989011,"Kinneret","Yearly","univariate EWS","rolling"
"50","pca1",0.0769230769230769,0.120879120879121,-0.0549450549450549,"Kinneret","Yearly","univariate EWS","rolling"
"51","pca2",0.186813186813187,-0.252747252747253,0.318681318681319,"Kinneret","Yearly","univariate EWS","rolling"
"52","Acanthoceras",-0.723746864455746,0.340441453324595,0.0529256124024963,"Kasumigaura","Yearly","univariate EWS","rolling"
"53","Actinastrum",0.722222222222222,0.166666666666667,-0.388888888888889,"Kasumigaura","Yearly","univariate EWS","rolling"
"54","Actinocyclus",-0.222222222222222,0.611111111111111,-0.388888888888889,"Kasumigaura","Yearly","univariate EWS","rolling"
"55","Alona",0.666666666666667,0.888888888888889,-0.333333333333333,"Kasumigaura","Yearly","univariate EWS","rolling"
"56","Anabaenopsis",1,0.763762615825973,-1,"Kasumigaura","Yearly","univariate EWS","rolling"
"57","Ankyra",1,0.645497224367903,-1,"Kasumigaura","Yearly","univariate EWS","rolling"
"58","Anuraeopsis",-0.555555555555556,0.444444444444445,-0.611111111111111,"Kasumigaura","Yearly","univariate EWS","rolling"
"59","Aphanocapsa",0.333333333333333,0.763762615825973,-1,"Kasumigaura","Yearly","univariate EWS","rolling"
"60","Aphanothece",1,0.645497224367903,-1,"Kasumigaura","Yearly","univariate EWS","rolling"
"61","Arthrospira",NA,NA,NA,"Kasumigaura","Yearly","univariate EWS","rolling"
"62","Asplanchna",0.333333333333333,0.444444444444445,-0.333333333333333,"Kasumigaura","Yearly","univariate EWS","rolling"
"63","Aulacoseira",0.722222222222222,0.722222222222222,0.222222222222222,"Kasumigaura","Yearly","univariate EWS","rolling"
"64","Bosmina",-0.722222222222222,-0.777777777777778,-0.333333333333333,"Kasumigaura","Yearly","univariate EWS","rolling"
"65","Brachionus",-0.666666666666667,0.555555555555556,0.555555555555556,"Kasumigaura","Yearly","univariate EWS","rolling"
"66","Calanoida",NA,NA,NA,"Kasumigaura","Yearly","univariate EWS","rolling"
"67","Carteria",-0.428571428571429,0.535264361328061,-0.142857142857143,"Kasumigaura","Yearly","univariate EWS","rolling"
"68","Ceriodaphnia",-0.222222222222222,-0.611111111111111,0.444444444444445,"Kasumigaura","Yearly","univariate EWS","rolling"
"69","Chlamydomonas",0.5,-0.166666666666667,-0.166666666666667,"Kasumigaura","Yearly","univariate EWS","rolling"
"70","Chlorella",0.333333333333333,0.763762615825973,-1,"Kasumigaura","Yearly","univariate EWS","rolling"
"71","Chromulina",0.333333333333333,0.763762615825973,-1,"Kasumigaura","Yearly","univariate EWS","rolling"
"72","Chroococcus",0.0653720450460614,0.763762615825973,-0.897527467855751,"Kasumigaura","Yearly","univariate EWS","rolling"
"73","Chrysochromulina",-0.333333333333333,0.444444444444445,0.333333333333333,"Kasumigaura","Yearly","univariate EWS","rolling"
"74","Chydorus",0.5,-0.666666666666667,0.611111111111111,"Kasumigaura","Yearly","univariate EWS","rolling"
"75","Closterium",-0.555555555555556,0.722222222222222,-0.611111111111111,"Kasumigaura","Yearly","univariate EWS","rolling"
"76","Coelastrum",0.277777777777778,0.666666666666667,0.333333333333333,"Kasumigaura","Yearly","univariate EWS","rolling"
"77","Conochiloides",-0.666666666666667,-0.944444444444445,-0.111111111111111,"Kasumigaura","Yearly","univariate EWS","rolling"
"78","Conochilus",-0.400066132099319,0.235702260395516,0.912870929175277,"Kasumigaura","Yearly","univariate EWS","rolling"
"79","Cosmarium",NA,NA,NA,"Kasumigaura","Yearly","univariate EWS","rolling"
"80","Crucigenia",-0.0476190476190476,0.704295212273764,-0.80952380952381,"Kasumigaura","Yearly","univariate EWS","rolling"
"81","Crucigeniella",NA,NA,NA,"Kasumigaura","Yearly","univariate EWS","rolling"
"82","Cuspidothrix",-0.222222222222222,0.666666666666667,-0.277777777777778,"Kasumigaura","Yearly","univariate EWS","rolling"
"83","Cyclopoida",NA,NA,NA,"Kasumigaura","Yearly","univariate EWS","rolling"
"84","Cyclops",-0.8,-0.852012867230258,1,"Kasumigaura","Yearly","univariate EWS","rolling"
"85","Daphnia",-0.333333333333333,-0.222222222222222,-0.388888888888889,"Kasumigaura","Yearly","univariate EWS","rolling"
"86","Diaphanosoma",0.5,0.222222222222222,-0.166666666666667,"Kasumigaura","Yearly","univariate EWS","rolling"
"87","Dictyosphaerium",0,-0.111111111111111,-0.5,"Kasumigaura","Yearly","univariate EWS","rolling"
"88","Dolichospermum",-0.222222222222222,0,0.555555555555556,"Kasumigaura","Yearly","univariate EWS","rolling"
"89","Elakatothrix",-0.388888888888889,-0.608580619450185,0.222222222222222,"Kasumigaura","Yearly","univariate EWS","rolling"
"90","Eodiaptomus",-0.899401222437772,-0.912870929175277,0.667297681163508,"Kasumigaura","Yearly","univariate EWS","rolling"
"91","Euchlanis",0.333333333333333,0.666666666666667,0.166666666666667,"Kasumigaura","Yearly","univariate EWS","rolling"
"92","Euglena",-0.17817416127495,-0.645497224367903,-0.21677749238103,"Kasumigaura","Yearly","univariate EWS","rolling"
"93","Filinia",-0.777777777777778,0.166666666666667,-0.611111111111111,"Kasumigaura","Yearly","univariate EWS","rolling"
"94","Glenodinium",0.333333333333333,0.763762615825973,-1,"Kasumigaura","Yearly","univariate EWS","rolling"
"95","Gloeocystis",0.333333333333333,0.763762615825973,-1,"Kasumigaura","Yearly","univariate EWS","rolling"
"96","Golenkinia",0.478920744346159,0.203090598614981,0.203090598614981,"Kasumigaura","Yearly","univariate EWS","rolling"
"97","Gymnodinium",1,0.645497224367903,-1,"Kasumigaura","Yearly","univariate EWS","rolling"
"98","Hexarthra",0.444444444444445,-0.777777777777778,0.0555555555555556,"Kasumigaura","Yearly","univariate EWS","rolling"
"99","Keratella",-0.888888888888889,0.777777777777778,-0.111111111111111,"Kasumigaura","Yearly","univariate EWS","rolling"
"100","Kirchneriella",-0.5,-1,0.611111111111111,"Kasumigaura","Yearly","univariate EWS","rolling"
"101","Lagerheimia",-0.0870388279778489,0.763762615825973,0.545544725589981,"Kasumigaura","Yearly","univariate EWS","rolling"
"102","Merismopedia",-0.944444444444445,0.0555555555555556,0,"Kasumigaura","Yearly","univariate EWS","rolling"
"103","Micractinium",0.333333333333333,0.493220025207811,-0.6,"Kasumigaura","Yearly","univariate EWS","rolling"
"104","Microcystis",0.0555555555555556,-0.833333333333333,0.333333333333333,"Kasumigaura","Yearly","univariate EWS","rolling"
"105","Moina",0.777777777777778,-0.111111111111111,-0.5,"Kasumigaura","Yearly","univariate EWS","rolling"
"106","Monoraphidium",0.555555555555556,0.333333333333333,-0.0555555555555556,"Kasumigaura","Yearly","univariate EWS","rolling"
"107","Mougeotia",-0.333333333333333,-0.611111111111111,-0.222222222222222,"Kasumigaura","Yearly","univariate EWS","rolling"
"108","Nitzschia",0.2,0.365148371670111,-0.4,"Kasumigaura","Yearly","univariate EWS","rolling"
"109","Ochromonas",0.0555555555555556,0.666666666666667,0,"Kasumigaura","Yearly","univariate EWS","rolling"
"110","Oocystis",-0.166666666666667,-0.166666666666667,0.277777777777778,"Kasumigaura","Yearly","univariate EWS","rolling"
"111","Pediastrum",0,0.555555555555556,-0.0555555555555556,"Kasumigaura","Yearly","univariate EWS","rolling"
"112","Peridinium",0,-0.444444444444445,0.0555555555555556,"Kasumigaura","Yearly","univariate EWS","rolling"
"113","Planktolyngbya",0.333333333333333,0.763762615825973,-1,"Kasumigaura","Yearly","univariate EWS","rolling"
"114","Planktothrix",-0.5,-0.833333333333333,0.444444444444445,"Kasumigaura","Yearly","univariate EWS","rolling"
"115","Pleuroxus",-0.816496580927726,0.707106781186548,NA,"Kasumigaura","Yearly","univariate EWS","rolling"
"116","Polyarthra",-0.111111111111111,0.722222222222222,0.222222222222222,"Kasumigaura","Yearly","univariate EWS","rolling"
"117","Polyblepharides",-0.29649972666444,-0.522976360368491,0.22237479499833,"Kasumigaura","Yearly","univariate EWS","rolling"
"118","Pompholyx",0.111111111111111,0.666666666666667,-0.555555555555556,"Kasumigaura","Yearly","univariate EWS","rolling"
"119","Pseudanabaena",-0.166666666666667,0.611111111111111,-0.333333333333333,"Kasumigaura","Yearly","univariate EWS","rolling"
"120","Pseudodiaptomus",-0.6,-0.912870929175277,0.6,"Kasumigaura","Yearly","univariate EWS","rolling"
"121","Pteromonas",0.333333333333333,0.763762615825973,-1,"Kasumigaura","Yearly","univariate EWS","rolling"
"122","Rhabdoderma",-0.555555555555556,0.833333333333333,-0.222222222222222,"Kasumigaura","Yearly","univariate EWS","rolling"
"123","Rhabdogloea",0.333333333333333,0.763762615825973,-1,"Kasumigaura","Yearly","univariate EWS","rolling"
"124","Romeria",0.333333333333333,0.763762615825973,-1,"Kasumigaura","Yearly","univariate EWS","rolling"
"125","Scenedesmus",0.111111111111111,0.333333333333333,0.5,"Kasumigaura","Yearly","univariate EWS","rolling"
"126","Schroederia",0.333333333333333,0.5,0.0555555555555556,"Kasumigaura","Yearly","univariate EWS","rolling"
"127","Snowella",0.0555555555555556,0.722222222222222,0.166666666666667,"Kasumigaura","Yearly","univariate EWS","rolling"
"128","Staurastrum",0.0555555555555556,0.166666666666667,0.166666666666667,"Kasumigaura","Yearly","univariate EWS","rolling"
"129","Staurosirella",-0.333333333333333,-0.388888888888889,0.0555555555555556,"Kasumigaura","Yearly","univariate EWS","rolling"
"130","Synchaeta",0.222222222222222,0.611111111111111,0.111111111111111,"Kasumigaura","Yearly","univariate EWS","rolling"
"131","Tetradesmus",0.333333333333333,0.763762615825973,-1,"Kasumigaura","Yearly","univariate EWS","rolling"
"132","Tetraedron",-0.111111111111111,0.0555555555555556,0.166666666666667,"Kasumigaura","Yearly","univariate EWS","rolling"
"133","Tetrastrum",-0.222222222222222,-0.0555555555555556,-0.222222222222222,"Kasumigaura","Yearly","univariate EWS","rolling"
"134","Thalassiosiraceae",-0.388888888888889,-0.5,0.333333333333333,"Kasumigaura","Yearly","univariate EWS","rolling"
"135","Thermocyclops",-0.899401222437772,-0.669438681395203,0.669438681395203,"Kasumigaura","Yearly","univariate EWS","rolling"
"136","Treubaria",NA,NA,NA,"Kasumigaura","Yearly","univariate EWS","rolling"
"137","Ulnaria",0.0555555555555556,0,0.611111111111111,"Kasumigaura","Yearly","univariate EWS","rolling"
"138","Urosolenia",NA,NA,NA,"Kasumigaura","Yearly","univariate EWS","rolling"
"139","Westella",-0.444444444444445,0.333333333333333,0.388888888888889,"Kasumigaura","Yearly","univariate EWS","rolling"
"140","pca1",0.888888888888889,0.888888888888889,0.388888888888889,"Kasumigaura","Yearly","univariate EWS","rolling"
"141","pca2",-0.555555555555556,0.111111111111111,-0.555555555555556,"Kasumigaura","Yearly","univariate EWS","rolling"
"142","Actinastrum",-0.114833850352643,-0.402625627785849,-0.186355130673225,"Lower Zurich","Yearly","univariate EWS","rolling"
"143","Alona",-0.184017482491294,0.839500985563391,-0.322030594359765,"Lower Zurich","Yearly","univariate EWS","rolling"
"144","Amphora",0.619047619047619,0.657142857142857,0.333333333333333,"Lower Zurich","Yearly","univariate EWS","rolling"
"145","Anabaena",0.180952380952381,0.619047619047619,0.0285714285714286,"Lower Zurich","Yearly","univariate EWS","rolling"
"146","Ankistrodesmus",-0.619047619047619,-0.976087727997465,0.257142857142857,"Lower Zurich","Yearly","univariate EWS","rolling"
"147","Ankyra",-0.161904761904762,-0.847619047619048,-0.40952380952381,"Lower Zurich","Yearly","univariate EWS","rolling"
"148","Aphanizomenon",-0.276190476190476,-0.657142857142857,0.104761904761905,"Lower Zurich","Yearly","univariate EWS","rolling"
"149","Aphanocapsa",-0.542857142857143,-0.657142857142857,-0.104761904761905,"Lower Zurich","Yearly","univariate EWS","rolling"
"150","Aphanothece",-0.657142857142857,-0.961904761904762,0.123809523809524,"Lower Zurich","Yearly","univariate EWS","rolling"
"151","Asplanchna",0.458170966911518,-0.320652881111661,0.670839073591157,"Lower Zurich","Yearly","univariate EWS","rolling"
"152","Asterionella",-0.40952380952381,0.866666666666667,0.333333333333333,"Lower Zurich","Yearly","univariate EWS","rolling"
"153","Asterococcus",-0.576065839858476,0.431967730194575,-0.951189731211342,"Lower Zurich","Yearly","univariate EWS","rolling"
"154","Aulacoseira",-0.0666666666666667,-0.771428571428572,0.371428571428571,"Lower Zurich","Yearly","univariate EWS","rolling"
"155","Belonastrum",-0.180952380952381,-0.708142077174631,0.238095238095238,"Lower Zurich","Yearly","univariate EWS","rolling"
"156","Bitrichia",-0.828571428571429,-0.923809523809524,-0.238095238095238,"Lower Zurich","Yearly","univariate EWS","rolling"
"157","Bosmina",-0.6,-0.6,-0.257142857142857,"Lower Zurich","Yearly","univariate EWS","rolling"
"158","Botryococcus",-0.695238095238095,-0.79047619047619,0.123809523809524,"Lower Zurich","Yearly","univariate EWS","rolling"
"159","Bythotrephes",0.180952380952381,-0.40952380952381,0.695238095238095,"Lower Zurich","Yearly","univariate EWS","rolling"
"160","Canthocamptus",0.24880667576406,-0.975900072948533,-0.0975900072948533,"Lower Zurich","Yearly","univariate EWS","rolling"
"161","Carteria",-0.276190476190476,-0.847619047619048,0.0285714285714286,"Lower Zurich","Yearly","univariate EWS","rolling"
"162","Ceratium",-0.0666666666666667,-0.752380952380952,-0.180952380952381,"Lower Zurich","Yearly","univariate EWS","rolling"
"163","Ceriodaphnia",-0.219047619047619,-0.825398336535567,0.405839724956714,"Lower Zurich","Yearly","univariate EWS","rolling"
"164","Chaoborus",0.504761904761905,0.937809777879917,-0.405839724956714,"Lower Zurich","Yearly","univariate EWS","rolling"
"165","Chlamydomonas",0.6,0.733333333333333,0.142857142857143,"Lower Zurich","Yearly","univariate EWS","rolling"
"166","Chromulina",-0.5,0.596639619853422,-1,"Lower Zurich","Yearly","univariate EWS","rolling"
"167","Chroococcus",0.0666666666666667,-0.695238095238095,0.6,"Lower Zurich","Yearly","univariate EWS","rolling"
"168","Chrysamoeba",-0.957427107756338,0.745134703697458,-0.269407953040162,"Lower Zurich","Yearly","univariate EWS","rolling"
"169","Chrysidiastrum",-0.142857142857143,0.85104977192037,-0.370624658330551,"Lower Zurich","Yearly","univariate EWS","rolling"
"170","Chrysochromulina",-0.444444444444445,0.720082299823096,-0.777777777777778,"Lower Zurich","Yearly","univariate EWS","rolling"
"171","Chrysococcus",-0.2,0.763649658254428,-1,"Lower Zurich","Yearly","univariate EWS","rolling"
"172","Chrysolykos",0.333333333333333,0.689450375223827,-0.503831473655779,"Lower Zurich","Yearly","univariate EWS","rolling"
"173","Closterium",0.104761904761905,0.314285714285714,0.542857142857143,"Lower Zurich","Yearly","univariate EWS","rolling"
"174","Cocconeis",0.104761904761905,0.542857142857143,-0.123809523809524,"Lower Zurich","Yearly","univariate EWS","rolling"
"175","Coelastrella",0.333333333333333,0.601585207518238,-0.333333333333333,"Lower Zurich","Yearly","univariate EWS","rolling"
"176","Coelastrum",-0.123809523809524,0.638095238095238,0.142857142857143,"Lower Zurich","Yearly","univariate EWS","rolling"
"177","Coelosphaerium",0.567333919518927,0.728292649884324,-0.734376645159768,"Lower Zurich","Yearly","univariate EWS","rolling"
"178","Coenochloris",0.161904761904762,-0.509638944652595,0.394248994919932,"Lower Zurich","Yearly","univariate EWS","rolling"
"179","Cosmarium",0.104761904761905,0.904761904761905,-0.0857142857142857,"Lower Zurich","Yearly","univariate EWS","rolling"
"180","Crucigenia",0.2,0.828571428571429,-0.371428571428571,"Lower Zurich","Yearly","univariate EWS","rolling"
"181","Crucigeniella",0.40952380952381,-0.541119633275619,0.0191389750587738,"Lower Zurich","Yearly","univariate EWS","rolling"
"182","Cryptomonas",-0.619047619047619,0.142857142857143,-0.00952380952380952,"Lower Zurich","Yearly","univariate EWS","rolling"
"183","Cyclops",0.142857142857143,-0.638095238095238,-0.219047619047619,"Lower Zurich","Yearly","univariate EWS","rolling"
"184","Cyclotella",0.257142857142857,0.0476190476190476,0.561904761904762,"Lower Zurich","Yearly","univariate EWS","rolling"
"185","Cylindrotheca",0.267945650822834,-0.409878030638384,-0.746420027292179,"Lower Zurich","Yearly","univariate EWS","rolling"
"186","Cymatopleura",-0.317322361764824,0.568948604632924,-0.514660139251589,"Lower Zurich","Yearly","univariate EWS","rolling"
"187","Cymbella",-0.352380952380952,-0.504761904761905,0.6,"Lower Zurich","Yearly","univariate EWS","rolling"
"188","Daphnia",0.638095238095238,-0.0857142857142857,0.161904761904762,"Lower Zurich","Yearly","univariate EWS","rolling"
"189","Daphniidae",0.523809523809524,-0.913503768716916,0.144237437165829,"Lower Zurich","Yearly","univariate EWS","rolling"
"190","Diacyclops",-0.382779501175476,-0.617213399848368,0.0597614304667197,"Lower Zurich","Yearly","univariate EWS","rolling"
"191","Diaphanosoma",0.689003102115858,-0.126237392646616,0.516752326586893,"Lower Zurich","Yearly","univariate EWS","rolling"
"192","Diaptomus",-0.847619047619048,-0.79047619047619,-0.0666666666666667,"Lower Zurich","Yearly","univariate EWS","rolling"
"193","Diatoma",-0.390476190476191,-0.142857142857143,0.6,"Lower Zurich","Yearly","univariate EWS","rolling"
"194","Dictyosphaerium",0.257142857142857,0.765559002350953,-0.00952380952380952,"Lower Zurich","Yearly","univariate EWS","rolling"
"195","Dinobryon",-0.561904761904762,-0.542857142857143,0.828571428571429,"Lower Zurich","Yearly","univariate EWS","rolling"
"196","Diploneis",0.133972825411417,0.0708372864172069,-0.60505804522809,"Lower Zurich","Yearly","univariate EWS","rolling"
"197","Dolichospermum",-0.180952380952381,-0.6,0.466666666666667,"Lower Zurich","Yearly","univariate EWS","rolling"
"198","Elakatothrix",0.0857142857142857,-0.580952380952381,-0.447619047619048,"Lower Zurich","Yearly","univariate EWS","rolling"
"199","Epithemia",0.340168025708305,0.856348838577675,-0.815374248327211,"Lower Zurich","Yearly","univariate EWS","rolling"
"200","Erkenia",-0.238095238095238,-0.695238095238095,-0.314285714285714,"Lower Zurich","Yearly","univariate EWS","rolling"
"201","Eudiaptomus",-0.371428571428571,-0.447619047619048,-0.504761904761905,"Lower Zurich","Yearly","univariate EWS","rolling"
"202","Eunotia",0.6,0.624576046687061,0.231908414260979,"Lower Zurich","Yearly","univariate EWS","rolling"
"203","Eutetramorus",0.180952380952381,-0.733333333333333,0.542857142857143,"Lower Zurich","Yearly","univariate EWS","rolling"
"204","Fotterella",0.377777777777778,0.911139637265601,-0.85398649245344,"Lower Zurich","Yearly","univariate EWS","rolling"
"205","Fragilaria",0.733333333333333,0.676190476190476,0.40952380952381,"Lower Zurich","Yearly","univariate EWS","rolling"
"206","Fragilariforma",0.428571428571429,0.447619047619048,-0.142857142857143,"Lower Zurich","Yearly","univariate EWS","rolling"
"207","Geitlerinema",-0.366233510382357,0.862918892130921,-0.857492925712544,"Lower Zurich","Yearly","univariate EWS","rolling"
"208","Gloeotrichia",0.333333333333333,0.601585207518238,-0.816496580927726,"Lower Zurich","Yearly","univariate EWS","rolling"
"209","Golenkinia",-0.314285714285714,0.559065392019675,-0.328536920203054,"Lower Zurich","Yearly","univariate EWS","rolling"
"210","Gomphonema",0.485714285714286,0.866666666666667,-0.0476190476190476,"Lower Zurich","Yearly","univariate EWS","rolling"
"211","Gonium",-0.257142857142857,-0.287084625881607,-0.104761904761905,"Lower Zurich","Yearly","univariate EWS","rolling"
"212","Gymnodinium",0.657142857142857,0.6,-0.676190476190476,"Lower Zurich","Yearly","univariate EWS","rolling"
"213","Gyrosigma",-0.459335401410572,-0.039432317676706,-0.309211219014639,"Lower Zurich","Yearly","univariate EWS","rolling"
"214","Hannaea",1,0.50709255283711,-1,"Lower Zurich","Yearly","univariate EWS","rolling"
"215","Kephyrion",0.466666666666667,0.561904761904762,-0.333333333333333,"Lower Zurich","Yearly","univariate EWS","rolling"
"216","Kirchneriella",0.6,-0.6,0.161904761904762,"Lower Zurich","Yearly","univariate EWS","rolling"
"217","Koliella",0.123809523809524,-0.923809523809524,0.80952380952381,"Lower Zurich","Yearly","univariate EWS","rolling"
"218","Lagerheimia",-0.333333333333333,-0.828571428571429,0.619047619047619,"Lower Zurich","Yearly","univariate EWS","rolling"
"219","Lanceola",NA,NA,NA,"Lower Zurich","Yearly","univariate EWS","rolling"
"220","Leptodora",-0.485714285714286,-0.923809523809524,-0.104761904761905,"Lower Zurich","Yearly","univariate EWS","rolling"
"221","Leptolyngbya",0.40530667928558,0.887227147725884,-0.745241313525099,"Lower Zurich","Yearly","univariate EWS","rolling"
"222","Limnothrix",0.296780370103193,0.839274062735738,-0.974021534011414,"Lower Zurich","Yearly","univariate EWS","rolling"
"223","Mallomonas",-0.0857142857142857,-0.619047619047619,-0.657142857142857,"Lower Zurich","Yearly","univariate EWS","rolling"
"224","Megacyclops",0.114833850352643,-0.00971056866512432,-0.708871512554075,"Lower Zurich","Yearly","univariate EWS","rolling"
"225","Melosira",0.257142857142857,-0.355785678342378,-0.00952380952380952,"Lower Zurich","Yearly","univariate EWS","rolling"
"226","Meridion",-0.0769230769230769,-0.256310064898589,-0.805262716872503,"Lower Zurich","Yearly","univariate EWS","rolling"
"227","Merismopedia",-0.561904761904762,-0.644260552674036,-0.523809523809524,"Lower Zurich","Yearly","univariate EWS","rolling"
"228","Mesocyclops",-0.219047619047619,-0.80952380952381,0.352380952380952,"Lower Zurich","Yearly","univariate EWS","rolling"
"229","Micractinium",0.282051282051282,0.727281052233405,-1,"Lower Zurich","Yearly","univariate EWS","rolling"
"230","Microcystis",0.123809523809524,0.80952380952381,0.447619047619048,"Lower Zurich","Yearly","univariate EWS","rolling"
"231","Monoraphidium",0.619047619047619,-0.733333333333333,-0.257142857142857,"Lower Zurich","Yearly","univariate EWS","rolling"
"232","Mougeotia",0.219047619047619,0.0666666666666667,-0.619047619047619,"Lower Zurich","Yearly","univariate EWS","rolling"
"233","Nephrocytium",0.885714285714286,0.287084625881607,-0.428571428571429,"Lower Zurich","Yearly","univariate EWS","rolling"
"234","Nitzschia",0.0666666666666667,-0.371428571428571,-0.314285714285714,"Lower Zurich","Yearly","univariate EWS","rolling"
"235","Ochromonas",0.740656079818041,0.670349400504001,-0.836577135561808,"Lower Zurich","Yearly","univariate EWS","rolling"
"236","Oocystis",-0.371428571428571,-0.523809523809524,0.180952380952381,"Lower Zurich","Yearly","univariate EWS","rolling"
"237","Oscillatoria",-0.663492210962813,-0.525164490209614,0.749214035857413,"Lower Zurich","Yearly","univariate EWS","rolling"
"238","Pandorina",0.333333333333333,-0.580952380952381,0.219047619047619,"Lower Zurich","Yearly","univariate EWS","rolling"
"239","Pediastrum",-0.828571428571429,-0.733333333333333,-0.276190476190476,"Lower Zurich","Yearly","univariate EWS","rolling"
"240","Peridinium",0.295238095238095,-0.142857142857143,-0.904761904761905,"Lower Zurich","Yearly","univariate EWS","rolling"
"241","Phacotus",-0.142857142857143,0.276190476190476,-0.180952380952381,"Lower Zurich","Yearly","univariate EWS","rolling"
"242","Phormidium",-0.625786218774744,0.772713941076446,-0.4088381597073,"Lower Zurich","Yearly","univariate EWS","rolling"
"243","Pinnularia",0.295238095238095,-0.394248994919932,-0.133972825411417,"Lower Zurich","Yearly","univariate EWS","rolling"
"244","Planktolyngbya",0.257142857142857,-0.714285714285714,-0.447619047619048,"Lower Zurich","Yearly","univariate EWS","rolling"
"245","Planktosphaeria",0.80952380952381,-0.466666666666667,0.0476190476190476,"Lower Zurich","Yearly","univariate EWS","rolling"
"246","Planktothrix",0.523809523809524,-0.561904761904762,-0.485714285714286,"Lower Zurich","Yearly","univariate EWS","rolling"
"247","Polyphemus",-0.645497224367903,0.839500985563391,0.182574185835055,"Lower Zurich","Yearly","univariate EWS","rolling"
"248","Pseudanabaena",0.541119633275619,0.734376645159768,-0.689003102115858,"Lower Zurich","Yearly","univariate EWS","rolling"
"249","Pseudopedinella",0.257142857142857,-0.161904761904762,-0.00952380952380952,"Lower Zurich","Yearly","univariate EWS","rolling"
"250","Pseudosphaerocystis",-0.238095238095238,-0.593308226821988,-0.466666666666667,"Lower Zurich","Yearly","univariate EWS","rolling"
"251","Rhodomonas",-0.580952380952381,0.314285714285714,-0.219047619047619,"Lower Zurich","Yearly","univariate EWS","rolling"
"252","Salpingoeca",-0.885714285714286,-0.734376645159768,-0.497613351528119,"Lower Zurich","Yearly","univariate EWS","rolling"
"253","Scenedesmus",-0.123809523809524,-0.885714285714286,-0.161904761904762,"Lower Zurich","Yearly","univariate EWS","rolling"
"254","Schroederia",-0.80952380952381,-0.805992593111361,0.780720058358826,"Lower Zurich","Yearly","univariate EWS","rolling"
"255","Sphaerellopsis",0.714285714285714,0.873131305499918,-0.714285714285714,"Lower Zurich","Yearly","univariate EWS","rolling"
"256","Spirogyra",-0.229667700705286,0.438250490089278,-0.560445334464033,"Lower Zurich","Yearly","univariate EWS","rolling"
"257","Spumella",1,0.609449400220044,-1,"Lower Zurich","Yearly","univariate EWS","rolling"
"258","Staurastrum",-0.466666666666667,-0.676190476190476,0.0857142857142857,"Lower Zurich","Yearly","univariate EWS","rolling"
"259","Stauroneis",-0.154698493630752,-0.747713787214573,0.871630804721965,"Lower Zurich","Yearly","univariate EWS","rolling"
"260","Staurosira",0.5,0.889087279447969,-0.909241209316635,"Lower Zurich","Yearly","univariate EWS","rolling"
"261","Stephanodiscus",-0.580952380952381,-0.523809523809524,0.580952380952381,"Lower Zurich","Yearly","univariate EWS","rolling"
"262","Stichococcus",-0.545454545454545,0.637748139217693,-0.96969696969697,"Lower Zurich","Yearly","univariate EWS","rolling"
"263","Stylochrysalis",-0.604395604395604,0.333333333333333,-0.296703296703297,"Lower Zurich","Yearly","univariate EWS","rolling"
"264","Surirella",0.515151515151515,0.805977199205319,-0.656507677793894,"Lower Zurich","Yearly","univariate EWS","rolling"
"265","Synechococcus",-0.47280542884465,0.574696709625247,-0.909241209316635,"Lower Zurich","Yearly","univariate EWS","rolling"
"266","Synura",0.333333333333333,0.609449400220044,-1,"Lower Zurich","Yearly","univariate EWS","rolling"
"267","Tabellaria",0.733333333333333,-0.257142857142857,0.466666666666667,"Lower Zurich","Yearly","univariate EWS","rolling"
"268","Tetrachlorella",-0.447619047619048,0.0857142857142857,0.866666666666667,"Lower Zurich","Yearly","univariate EWS","rolling"
"269","Tetraedron",-0.428571428571429,-0.733333333333333,0.238095238095238,"Lower Zurich","Yearly","univariate EWS","rolling"
"270","Tetrastrum",-0.0476190476190476,-0.210528725646512,-0.497613351528119,"Lower Zurich","Yearly","univariate EWS","rolling"
"271","Tribonema",-0.357142857142857,0.807406193873172,-0.694365074829414,"Lower Zurich","Yearly","univariate EWS","rolling"
"272","Ulnaria",-0.619047619047619,-0.428571428571429,0.580952380952381,"Lower Zurich","Yearly","univariate EWS","rolling"
"273","Ulothrix",-0.0191389750587738,-0.976087727997465,0.733333333333333,"Lower Zurich","Yearly","univariate EWS","rolling"
"274","Uroglena",-0.866666666666667,-0.676190476190476,0.40952380952381,"Lower Zurich","Yearly","univariate EWS","rolling"
"275","Volvox",-0.110096376512636,-0.905907662518161,0.877185582105945,"Lower Zurich","Yearly","univariate EWS","rolling"
"276","Westella",-0.504761904761905,-0.0591484765150589,-0.541119633275619,"Lower Zurich","Yearly","univariate EWS","rolling"
"277","Willea",-0.868131868131868,0.490407286363818,-0.773492468153762,"Lower Zurich","Yearly","univariate EWS","rolling"
"278","pca1",-0.447619047619048,0.6,0.161904761904762,"Lower Zurich","Yearly","univariate EWS","rolling"
"279","pca2",-0.0666666666666667,-0.161904761904762,0.390476190476191,"Lower Zurich","Yearly","univariate EWS","rolling"
"280","ACANTHOCYCLOPS",0.571428571428571,-0.785714285714286,-0.5,"Mendota","Yearly","univariate EWS","rolling"
"281","Achnanthes",0.5,0.571428571428571,0.285714285714286,"Mendota","Yearly","univariate EWS","rolling"
"282","Actinastrum",0.571428571428571,0,0.694365074829414,"Mendota","Yearly","univariate EWS","rolling"
"283","AGLAODIAPTOMUS",-0.142857142857143,0.714285714285714,0.0714285714285714,"Mendota","Yearly","univariate EWS","rolling"
"284","ALONA",0.785714285714286,-0.718132498717532,0.909241209316635,"Mendota","Yearly","univariate EWS","rolling"
"285","Anabaena",0.642857142857143,1,0.214285714285714,"Mendota","Yearly","univariate EWS","rolling"
"286","Ankistrodesmus",-0.785714285714286,-0.714285714285714,0.5,"Mendota","Yearly","univariate EWS","rolling"
"287","Aphanizomenon",0.5,0.285714285714286,-0.285714285714286,"Mendota","Yearly","univariate EWS","rolling"
"288","Aphanocapsa",0.785714285714286,-0.928571428571429,-0.357142857142857,"Mendota","Yearly","univariate EWS","rolling"
"289","Aphanothece",-0.142857142857143,-0.285714285714286,-0.714285714285714,"Mendota","Yearly","univariate EWS","rolling"
"290","Asterionella",0.109108945117996,0.38575837490523,0.109108945117996,"Mendota","Yearly","univariate EWS","rolling"
"291","Aulacoseira",0.214285714285714,0,0.714285714285714,"Mendota","Yearly","univariate EWS","rolling"
"292","Botryococcus",-0.714285714285714,0.815374248327211,-0.571428571428571,"Mendota","Yearly","univariate EWS","rolling"
"293","BYTHOTREPHES",NA,NA,NA,"Mendota","Yearly","univariate EWS","rolling"
"294","CALANOID",0.928571428571429,-0.327326835353989,-0.400066132099319,"Mendota","Yearly","univariate EWS","rolling"
"295","Chlamydomonas",0.0714285714285714,-0.214285714285714,0.285714285714286,"Mendota","Yearly","univariate EWS","rolling"
"296","Chlorella",0.333333333333333,-0.7319250547114,-0.816496580927726,"Mendota","Yearly","univariate EWS","rolling"
"297","Chlorococcaceae",0.428571428571429,-0.5,0.214285714285714,"Mendota","Yearly","univariate EWS","rolling"
"298","Chlorophyta",-0.491353814911995,-0.77919372247398,0.77919372247398,"Mendota","Yearly","univariate EWS","rolling"
"299","Chromulina",1,0.681385143869247,-1,"Mendota","Yearly","univariate EWS","rolling"
"300","Chroococcaceae",-0.642857142857143,-0.428571428571429,0.214285714285714,"Mendota","Yearly","univariate EWS","rolling"
"301","Chroococcus",0.214285714285714,0.642857142857143,-0.142857142857143,"Mendota","Yearly","univariate EWS","rolling"
"302","Chrysococcus",0.571428571428571,0.22237479499833,-0.836501912571304,"Mendota","Yearly","univariate EWS","rolling"
"303","Chrysophyceae",0.571428571428571,-0.308606699924184,0.0363696483726654,"Mendota","Yearly","univariate EWS","rolling"
"304","CHYDORUS",-0.428571428571429,-0.928571428571429,-0.285714285714286,"Mendota","Yearly","univariate EWS","rolling"
"305","Closterium",0.0363696483726654,-0.340168025708305,0.566946709513841,"Mendota","Yearly","univariate EWS","rolling"
"306","Cocconeis",-0.142857142857143,-0.428571428571429,0.5,"Mendota","Yearly","univariate EWS","rolling"
"307","Coelastrum",-0.632455532033676,0.476910483238266,-0.774596669241483,"Mendota","Yearly","univariate EWS","rolling"
"308","Coelosphaerium",-0.5,-0.214285714285714,0,"Mendota","Yearly","univariate EWS","rolling"
"309","COPEPOD",-0.642857142857143,-0.571428571428571,0.714285714285714,"Mendota","Yearly","univariate EWS","rolling"
"310","COPEPODITES",-0.333333333333333,0.80582296402538,-1,"Mendota","Yearly","univariate EWS","rolling"
"311","Crucigenia",-0.41576092031015,-0.741249316661101,-0.592999453328881,"Mendota","Yearly","univariate EWS","rolling"
"312","Cryptomonas",0.142857142857143,-0.714285714285714,0.285714285714286,"Mendota","Yearly","univariate EWS","rolling"
"313","Cyanocatena",-1,0.654653670707977,NA,"Mendota","Yearly","univariate EWS","rolling"
"314","Cyanogranis",0.566946709513841,0.869318287921223,-0.618284022335312,"Mendota","Yearly","univariate EWS","rolling"
"315","CYCLOPOID",-0.428571428571429,-0.5,0.285714285714286,"Mendota","Yearly","univariate EWS","rolling"
"316","Cyclostephanos",-1,-0.944911182523068,1,"Mendota","Yearly","univariate EWS","rolling"
"317","Cyclotella",-0.785714285714286,-0.981980506061966,-0.142857142857143,"Mendota","Yearly","univariate EWS","rolling"
"318","Cylindrospermopsis",-0.0714285714285714,-0.340168025708305,-0.0363696483726654,"Mendota","Yearly","univariate EWS","rolling"
"319","Dactylococcopsis",0.666666666666667,-0.783546793900206,0.912870929175277,"Mendota","Yearly","univariate EWS","rolling"
"320","DAPHNIA",-0.571428571428571,-0.571428571428571,0.571428571428571,"Mendota","Yearly","univariate EWS","rolling"
"321","Deasonia",-0.691023319080643,-0.113389341902768,-0.618284022335312,"Mendota","Yearly","univariate EWS","rolling"
"322","Desmarella",0.566946709513841,-0.308606699924184,-0.22237479499833,"Mendota","Yearly","univariate EWS","rolling"
"323","DIACYCLOPS",-0.785714285714286,-0.857142857142857,0.0714285714285714,"Mendota","Yearly","univariate EWS","rolling"
"324","DIAPHANOSOMA",-0.571428571428571,-0.785714285714286,0.357142857142857,"Mendota","Yearly","univariate EWS","rolling"
"325","DIAPTOMID",0.214285714285714,0.214285714285714,0.214285714285714,"Mendota","Yearly","univariate EWS","rolling"
"326","Dictyosphaerium",-0.836501912571304,0.14824986333222,0.0714285714285714,"Mendota","Yearly","univariate EWS","rolling"
"327","Dinobryon",-0.0714285714285714,0.836501912571304,-0.763762615825973,"Mendota","Yearly","univariate EWS","rolling"
"328","Erkenia",-0.0714285714285714,0.214285714285714,0.0714285714285714,"Mendota","Yearly","univariate EWS","rolling"
"329","Euglena",0.285714285714286,0.327326835353989,-0.909241209316635,"Mendota","Yearly","univariate EWS","rolling"
"330","Fragilaria",-0.357142857142857,0.642857142857143,-0.571428571428571,"Mendota","Yearly","univariate EWS","rolling"
"331","Glenodinium",0.333333333333333,-0.77919372247398,0.816496580927726,"Mendota","Yearly","univariate EWS","rolling"
"332","Gloeocystis",1,-0.654653670707977,NA,"Mendota","Yearly","univariate EWS","rolling"
"333","Gloeotrichia",-0.683130051063973,0.869318287921223,-0.683130051063973,"Mendota","Yearly","univariate EWS","rolling"
"334","Golenkinia",0.845154254728517,0.0890870806374748,0.845154254728517,"Mendota","Yearly","univariate EWS","rolling"
"335","Gomphonema",0,-0.540061724867322,0.8,"Mendota","Yearly","univariate EWS","rolling"
"336","Gomphosphaeria",-0.357142857142857,-0.428571428571429,-0.285714285714286,"Mendota","Yearly","univariate EWS","rolling"
"337","Gymnodinium",-0.642857142857143,-0.5,-0.285714285714286,"Mendota","Yearly","univariate EWS","rolling"
"338","HARPACTICOID",0.2,-0.123717914826348,0.552052447473883,"Mendota","Yearly","univariate EWS","rolling"
"339","Kephyrion",-0.0714285714285714,0.815374248327211,-0.963624111659432,"Mendota","Yearly","univariate EWS","rolling"
"340","LEPTODORA",-0.142857142857143,-0.741249316661101,-0.592999453328881,"Mendota","Yearly","univariate EWS","rolling"
"341","Lobomonas",0.909241209316635,-0.433460723431505,0.783546793900206,"Mendota","Yearly","univariate EWS","rolling"
"342","Lyngbya",-0.714285714285714,-0.571428571428571,0.142857142857143,"Mendota","Yearly","univariate EWS","rolling"
"343","Mallomonas",-0.642857142857143,-0.428571428571429,0.0714285714285714,"Mendota","Yearly","univariate EWS","rolling"
"344","Merismopedia",0.785714285714286,-0.642857142857143,-0.142857142857143,"Mendota","Yearly","univariate EWS","rolling"
"345","MESOCYCLOPS",0,-0.357142857142857,0.357142857142857,"Mendota","Yearly","univariate EWS","rolling"
"346","Micractinium",0.869318287921223,-0.340168025708305,0.340168025708305,"Mendota","Yearly","univariate EWS","rolling"
"347","Microcystis",0.142857142857143,-0.214285714285714,-0.357142857142857,"Mendota","Yearly","univariate EWS","rolling"
"348","Monomastix",0.142857142857143,-0.142857142857143,0.571428571428571,"Mendota","Yearly","univariate EWS","rolling"
"349","Monoraphidium",-0.428571428571429,0.785714285714286,0.571428571428571,"Mendota","Yearly","univariate EWS","rolling"
"350","Mougeotia",0.0363696483726654,0.483493778415228,-0.564076074817766,"Mendota","Yearly","univariate EWS","rolling"
"351","Navicula",-0.142857142857143,0.642857142857143,0.5,"Mendota","Yearly","univariate EWS","rolling"
"352","Nitzschia",0.214285714285714,0.214285714285714,-0.0714285714285714,"Mendota","Yearly","univariate EWS","rolling"
"353","Ochromonas",-0.642539604115686,-0.869318287921223,0.763762615825973,"Mendota","Yearly","univariate EWS","rolling"
"354","Oocystis",0.214285714285714,0.714285714285714,-0.428571428571429,"Mendota","Yearly","univariate EWS","rolling"
"355","Oscillatoria",-0.285714285714286,-0.142857142857143,0,"Mendota","Yearly","univariate EWS","rolling"
"356","Pandorina",0.80952380952381,-0.694365074829414,0.650814026618287,"Mendota","Yearly","univariate EWS","rolling"
"357","Pediastrum",-0.763762615825973,-0.254587538608658,0.836501912571304,"Mendota","Yearly","univariate EWS","rolling"
"358","Peridinium",-0.642857142857143,-0.428571428571429,-0.285714285714286,"Mendota","Yearly","univariate EWS","rolling"
"359","Phacotus",0.857142857142857,-0.741249316661101,0.254587538608658,"Mendota","Yearly","univariate EWS","rolling"
"360","Phormidium",0.5,-0.0714285714285714,-0.142857142857143,"Mendota","Yearly","univariate EWS","rolling"
"361","Planktothrix",NA,NA,NA,"Mendota","Yearly","univariate EWS","rolling"
"362","Pseudanabaena",-0.545544725589981,0.963624111659432,-0.763762615825973,"Mendota","Yearly","univariate EWS","rolling"
"363","Pyramichlamys",-0.149071198499986,0.866025403784439,-0.447213595499958,"Mendota","Yearly","univariate EWS","rolling"
"364","Quadrigula",0.357142857142857,-0.5,0.571428571428571,"Mendota","Yearly","univariate EWS","rolling"
"365","Rhabdoderma",0,0.866025403784439,-0.666666666666667,"Mendota","Yearly","univariate EWS","rolling"
"366","Rhodomonas",-0.357142857142857,-0.428571428571429,0.357142857142857,"Mendota","Yearly","univariate EWS","rolling"
"367","Scenedesmus",0.5,0.642857142857143,0.5,"Mendota","Yearly","univariate EWS","rolling"
"368","Schizochlamys",-1,-0.886405260427918,1,"Mendota","Yearly","univariate EWS","rolling"
"369","Schroederia",-0.357142857142857,0.0714285714285714,-0.571428571428571,"Mendota","Yearly","univariate EWS","rolling"
"370","Selenastrum",0.690065559342354,-0.845154254728517,0.389249472080761,"Mendota","Yearly","univariate EWS","rolling"
"371","SINOBOSMINA",-0.571428571428571,0.857142857142857,-0.142857142857143,"Mendota","Yearly","univariate EWS","rolling"
"372","Snowella",-0.707106781186548,0.755928946018454,NA,"Mendota","Yearly","univariate EWS","rolling"
"373","Sphaerocystis",0.714285714285714,-0.214285714285714,0.0714285714285714,"Mendota","Yearly","univariate EWS","rolling"
"374","Staurastrum",-0.534522483824849,0.681385143869247,-0.845154254728517,"Mendota","Yearly","univariate EWS","rolling"
"375","Stephanodiscus",-0.642857142857143,0.5,0.571428571428571,"Mendota","Yearly","univariate EWS","rolling"
"376","Synechococcus",-0.642857142857143,-0.714285714285714,-0.0714285714285714,"Mendota","Yearly","univariate EWS","rolling"
"377","Synechocystis",-0.357142857142857,-0.928571428571429,0.428571428571429,"Mendota","Yearly","univariate EWS","rolling"
"378","Synedra",0.214285714285714,0.5,-0.285714285714286,"Mendota","Yearly","univariate EWS","rolling"
"379","Synura",-0.545544725589981,0.718132498717532,-0.909241209316635,"Mendota","Yearly","univariate EWS","rolling"
"380","Tetraedron",-0.327326835353989,-0.725240667622842,0.77151674981046,"Mendota","Yearly","univariate EWS","rolling"
"381","Tetrastrum",0.276026223736942,0.815374248327211,-0.894427190999916,"Mendota","Yearly","univariate EWS","rolling"
"382","TROPOCYCLOPS",-0.642857142857143,-0.322329185610152,-0.741249316661101,"Mendota","Yearly","univariate EWS","rolling"
"383","Uroglena",-0.642857142857143,-0.836501912571304,0.214285714285714,"Mendota","Yearly","univariate EWS","rolling"
"384","pca1",-0.357142857142857,-0.428571428571429,0.0714285714285714,"Mendota","Yearly","univariate EWS","rolling"
"385","pca2",-0.285714285714286,-0.857142857142857,0.285714285714286,"Mendota","Yearly","univariate EWS","rolling"
"386","Asterionella",0.236363636363636,0.381818181818182,0.0545454545454545,"Windermere","Yearly","univariate EWS","rolling"
"387","Aulacoseira",-0.0181818181818182,0.2,0.527272727272727,"Windermere","Yearly","univariate EWS","rolling"
"388","Chlorella",0.527272727272727,-0.6,-0.454545454545455,"Windermere","Yearly","univariate EWS","rolling"
"389","Tabellaria",0.636363636363636,0.381818181818182,0.454545454545455,"Windermere","Yearly","univariate EWS","rolling"
"390","Ceratium",-0.636363636363636,-0.163636363636364,0.527272727272727,"Windermere","Yearly","univariate EWS","rolling"
"391","Cosmarium",-0.418181818181818,0.672727272727273,0.163636363636364,"Windermere","Yearly","univariate EWS","rolling"
"392","Closterium",0.345454545454545,0.963636363636364,0.127272727272727,"Windermere","Yearly","univariate EWS","rolling"
"393","Cryptomonas",0.163636363636364,-0.636363636363636,0.127272727272727,"Windermere","Yearly","univariate EWS","rolling"
"394","Gymnodinium",-0.127272727272727,0.6,-0.236363636363636,"Windermere","Yearly","univariate EWS","rolling"
"395","Mallomonas",0.236363636363636,0.563636363636364,-0.818181818181818,"Windermere","Yearly","univariate EWS","rolling"
"396","Peridinium",-0.454545454545455,-0.381818181818182,-0.0545454545454545,"Windermere","Yearly","univariate EWS","rolling"
"397","Staurastrum",0.563636363636364,-0.527272727272727,0.527272727272727,"Windermere","Yearly","univariate EWS","rolling"
"398","Trachelomonas",-0.345454545454545,-0.781818181818182,-0.163636363636364,"Windermere","Yearly","univariate EWS","rolling"
"399","Woronichinia",-0.127272727272727,-0.0909090909090909,-0.163636363636364,"Windermere","Yearly","univariate EWS","rolling"
"400","Botryococcus",-1,0.345454545454545,-0.163636363636364,"Windermere","Yearly","univariate EWS","rolling"
"401","Rhodomonas",0.781818181818182,-0.0181818181818182,-0.127272727272727,"Windermere","Yearly","univariate EWS","rolling"
"402","Monoraphidium",0.818181818181818,0.236363636363636,-0.236363636363636,"Windermere","Yearly","univariate EWS","rolling"
"403","zoobiomass",0.0545454545454545,0.672727272727273,0.163636363636364,"Windermere","Yearly","univariate EWS","rolling"
"404","Bosmina",0.781818181818182,0.0909090909090909,-0.2,"Windermere","Yearly","univariate EWS","rolling"
"405","Daphnia",-0.636363636363636,-0.127272727272727,0.745454545454545,"Windermere","Yearly","univariate EWS","rolling"
"406","TotCalanoids",0.0181818181818182,-0.672727272727273,0.454545454545455,"Windermere","Yearly","univariate EWS","rolling"
"407","TotCyclopoids",-0.490909090909091,-0.454545454545455,-0.781818181818182,"Windermere","Yearly","univariate EWS","rolling"
"408","pca1",0.672727272727273,0.527272727272727,0.127272727272727,"Windermere","Yearly","univariate EWS","rolling"
"409","pca2",0.636363636363636,-0.272727272727273,-0.672727272727273,"Windermere","Yearly","univariate EWS","rolling"
"410","Anabaena",-0.0289497897489033,-0.703353828370382,0.940879174009231,"Kinneret","Monthly","univariate EWS","rolling"
"411","Anuraeopsis",-0.116980516962052,0.792961892243534,-0.915923875440143,"Kinneret","Monthly","univariate EWS","rolling"
"412","Aphanizomenon",0.664623639155712,-0.495043970217231,0.161427586729649,"Kinneret","Monthly","univariate EWS","rolling"
"413","Aphanocapsa",-0.381328397405308,-0.727510600506906,0.881595811022027,"Kinneret","Monthly","univariate EWS","rolling"
"414","Ascomorpha",0.68441075932583,-0.871754656622941,0.746893441004551,"Kinneret","Monthly","univariate EWS","rolling"
"415","AsplanPriod",-0.331639271851225,-0.19890508229804,-0.0722385324408852,"Kinneret","Monthly","univariate EWS","rolling"
"416","Aulacoseira",-0.502714452458751,0.601492655204788,0.517796107108918,"Kinneret","Monthly","univariate EWS","rolling"
"417","Bosmina",-0.115134099616858,-0.794252873563218,-0.364942528735632,"Kinneret","Monthly","univariate EWS","rolling"
"418","Brachionus",0.293435587111076,-0.866637158263344,0.524933220598032,"Kinneret","Monthly","univariate EWS","rolling"
"419","Ceriodaphnia",-0.378544061302682,-0.878298770105516,-0.09607739845303,"Kinneret","Monthly","univariate EWS","rolling"
"420","Chlamydomonas",0.576053639846743,0.53537046854834,-0.291105896210128,"Kinneret","Monthly","univariate EWS","rolling"
"421","Chlorella",-0.487804064317741,-0.628391972294081,0.6886323011963,"Kinneret","Monthly","univariate EWS","rolling"
"422","Chlorophyte",-0.255013291317011,0.406834128742683,-0.424341208271667,"Kinneret","Monthly","univariate EWS","rolling"
"423","Chodatella",0.128466735052487,0.706170356436654,0.14943960218007,"Kinneret","Monthly","univariate EWS","rolling"
"424","Chroococcus",-0.473873270336131,0.240720341288599,0.0824752144247845,"Kinneret","Monthly","univariate EWS","rolling"
"425","Chydorus",0.542626808488419,0.883323520552984,-0.687834426196451,"Kinneret","Monthly","univariate EWS","rolling"
"426","Closterium",-0.281772463172504,0.450846144975448,0.192479047437457,"Kinneret","Monthly","univariate EWS","rolling"
"427","Coelastrum",-0.676309994481601,-0.340074839317924,0.587434819513669,"Kinneret","Monthly","univariate EWS","rolling"
"428","copepotide-i",-0.467624521072797,-0.93213276604829,0.452107279693487,"Kinneret","Monthly","univariate EWS","rolling"
"429","copepotide-ii",0.419348659003832,-0.799310282429813,0.256130268199234,"Kinneret","Monthly","univariate EWS","rolling"
"430","copepotide-iii",0.568773946360153,-0.0659003831417625,-0.392911877394636,"Kinneret","Monthly","univariate EWS","rolling"
"431","copepotide-iv",0.685823754789272,-0.0692628258336676,-0.831688862902161,"Kinneret","Monthly","univariate EWS","rolling"
"432","copepotide-v",0.0563218390804598,-0.892752799369223,0.198103267505375,"Kinneret","Monthly","univariate EWS","rolling"
"433","Cosmarium",-0.548486050254593,0.367378786034962,-0.832862299339878,"Kinneret","Monthly","univariate EWS","rolling"
"434","Cryptomonas",-0.613218390804598,-0.579885057471265,0.87183908045977,"Kinneret","Monthly","univariate EWS","rolling"
"435","Cyanodictyon",0.0269247368180577,0.895084015387871,-0.790898226279845,"Kinneret","Monthly","univariate EWS","rolling"
"436","cyclopid-N-I-III",0.914942528735632,-0.723563218390805,0.530459770114943,"Kinneret","Monthly","univariate EWS","rolling"
"437","cyclopoid-N-IV-VI",0.894636015325671,-0.113026819923372,0.94272030651341,"Kinneret","Monthly","univariate EWS","rolling"
"438","Cyclotella",-0.488122605363985,0.828544061302682,0.115708812260536,"Kinneret","Monthly","univariate EWS","rolling"
"439","Diaphanosoma",-0.550574712643678,-0.732324213481402,0.366013698393846,"Kinneret","Monthly","univariate EWS","rolling"
"440","Hexarthra",0.61442602871168,-0.790601093605267,0.267064104932612,"Kinneret","Monthly","univariate EWS","rolling"
"441","Keratella",0.80727969348659,-0.855965598979795,0.0593053909227406,"Kinneret","Monthly","univariate EWS","rolling"
"442","Lyngbya",-0.451532108702721,-0.495799966801168,0.586542019910739,"Kinneret","Monthly","univariate EWS","rolling"
"443","Mesocyclops",0.416858237547893,-0.80546110094908,-0.204042533745865,"Kinneret","Monthly","univariate EWS","rolling"
"444","Microcystis",-0.518057287557577,-0.447106203788947,0.016861468023643,"Kinneret","Monthly","univariate EWS","rolling"
"445","Nitzschia",0.944260331971467,-0.942072953127061,0.922740316073319,"Kinneret","Monthly","univariate EWS","rolling"
"446","Oocystis",-0.347318007662835,0.816858237547893,0.798659003831418,"Kinneret","Monthly","univariate EWS","rolling"
"447","Pediastrum",-0.829536402755311,-0.693505565561725,0.95062327086489,"Kinneret","Monthly","univariate EWS","rolling"
"448","Peridinium",-0.408812260536399,0.0314176245210728,-0.261685823754789,"Kinneret","Monthly","univariate EWS","rolling"
"449","Polyarthra",-0.689463601532567,0.653501630937195,-0.153418633400775,"Kinneret","Monthly","univariate EWS","rolling"
"450","Radiocystis",-0.645823845183965,0.442727639785017,0.582278866545716,"Kinneret","Monthly","univariate EWS","rolling"
"451","Rhodomonas",-0.150766283524904,-0.668390804597701,0.866283524904215,"Kinneret","Monthly","univariate EWS","rolling"
"452","Scenedesmus",-0.175287356321839,-0.267049808429119,0.885057471264368,"Kinneret","Monthly","univariate EWS","rolling"
"453","Synchaeta",-0.355478993404604,-0.779328846901829,-0.14530662921974,"Kinneret","Monthly","univariate EWS","rolling"
"454","SynchOblong",0.322723063000075,-0.538478753805203,-0.190976170510193,"Kinneret","Monthly","univariate EWS","rolling"
"455","Synedra",-0.16140967962333,-0.776279226343576,0.948235116438571,"Kinneret","Monthly","univariate EWS","rolling"
"456","Tetraedron",-0.0134099616858238,0.565134099616858,-0.118390804597701,"Kinneret","Monthly","univariate EWS","rolling"
"457","Tetrastrum",-0.40689343330775,-0.844598300611283,0.795565703465678,"Kinneret","Monthly","univariate EWS","rolling"
"458","Thermocyclops",-0.45649677557877,-0.41289380948511,0.602003279713714,"Kinneret","Monthly","univariate EWS","rolling"
"459","pca1",0.302298850574713,0.0850574712643678,0.610727969348659,"Kinneret","Monthly","univariate EWS","rolling"
"460","pca2",-0.492528735632184,-0.85095785440613,-0.300191570881226,"Kinneret","Monthly","univariate EWS","rolling"
"461","Acanthoceras",-0.888872486357128,0.973570750151318,-0.852101402142244,"Kasumigaura","Monthly","univariate EWS","rolling"
"462","Actinastrum",-0.592312971859986,0.840768702814001,-0.53054221002059,"Kasumigaura","Monthly","univariate EWS","rolling"
"463","Actinocyclus",-0.0647449096316632,0.658659345687486,-0.536032944406314,"Kasumigaura","Monthly","univariate EWS","rolling"
"464","Alona",0.434911919469229,0.799588194921071,-0.353008464882178,"Kasumigaura","Monthly","univariate EWS","rolling"
"465","Anabaenopsis",-0.232183908045977,0.734015198479688,-1,"Kasumigaura","Monthly","univariate EWS","rolling"
"466","Ankyra",-0.608695652173913,0.668950560532326,-1,"Kasumigaura","Monthly","univariate EWS","rolling"
"467","Anuraeopsis",-0.46282315259666,0.269732326698696,-0.172729352550904,"Kasumigaura","Monthly","univariate EWS","rolling"
"468","Aphanocapsa",-0.476190476190476,0.788559236318524,-0.993650793650793,"Kasumigaura","Monthly","univariate EWS","rolling"
"469","Aphanothece",-0.369565217391304,0.668950560532326,-1,"Kasumigaura","Monthly","univariate EWS","rolling"
"470","Arthrospira",0,0.289367758021332,-1,"Kasumigaura","Monthly","univariate EWS","rolling"
"471","Asplanchna",0.435369480668039,0.131548844657973,-0.226264012811714,"Kasumigaura","Monthly","univariate EWS","rolling"
"472","Aulacoseira",-0.0368336765042324,0.116906886296042,0.54335392358728,"Kasumigaura","Monthly","univariate EWS","rolling"
"473","Bosmina",-0.628002745367193,-0.547014413177763,0.675131548844658,"Kasumigaura","Monthly","univariate EWS","rolling"
"474","Brachionus",-0.330130404941661,0.655456417295813,0.564401738732556,"Kasumigaura","Monthly","univariate EWS","rolling"
"475","Calanoida",-0.0476190476190476,0.379646911781536,-1,"Kasumigaura","Monthly","univariate EWS","rolling"
"476","Carteria",-0.856540084388186,0.593768551846206,-0.311911716975008,"Kasumigaura","Monthly","univariate EWS","rolling"
"477","Ceriodaphnia",0.716769617936399,-0.582246625486159,-0.231754747197438,"Kasumigaura","Monthly","univariate EWS","rolling"
"478","Chlamydomonas",0.170441546556852,-0.171356668954473,-0.533287577213452,"Kasumigaura","Monthly","univariate EWS","rolling"
"479","Chlorella",-0.6,0.761287504083814,-1,"Kasumigaura","Monthly","univariate EWS","rolling"
"480","Chromulina",-0.174603174603175,0.785077738586433,-1,"Kasumigaura","Monthly","univariate EWS","rolling"
"481","Chroococcus",0.24157751625126,0.303520567684929,-0.398039493209258,"Kasumigaura","Monthly","univariate EWS","rolling"
"482","Chrysochromulina",-0.105010295126973,0.0921985815602837,0.31548844657973,"Kasumigaura","Monthly","univariate EWS","rolling"
"483","Chydorus",0.030885380919698,-0.860901395561656,0.0642873484328529,"Kasumigaura","Monthly","univariate EWS","rolling"
"484","Closterium",-0.480668039350263,0.473347060169298,-0.542438801189659,"Kasumigaura","Monthly","univariate EWS","rolling"
"485","Coelastrum",0.157172271791352,0.979867307252345,0.51635781285747,"Kasumigaura","Monthly","univariate EWS","rolling"
"486","Conochiloides",-0.850377487989019,-0.643102264927934,0.401509951956074,"Kasumigaura","Monthly","univariate EWS","rolling"
"487","Conochilus",-0.00819838792309154,0.910391572338577,-0.419442715571938,"Kasumigaura","Monthly","univariate EWS","rolling"
"488","Cosmarium",1,0.42808090371277,-1,"Kasumigaura","Monthly","univariate EWS","rolling"
"489","Crucigenia",-0.667251975417033,0.726215794647752,-0.861281826163301,"Kasumigaura","Monthly","univariate EWS","rolling"
"490","Crucigeniella",-0.2,0.352459735965695,-1,"Kasumigaura","Monthly","univariate EWS","rolling"
"491","Cuspidothrix",0.389155799588195,0.612445664607641,0.428506062685884,"Kasumigaura","Monthly","univariate EWS","rolling"
"492","Cyclopoida",-0.166666666666667,0.42808090371277,-0.777777777777778,"Kasumigaura","Monthly","univariate EWS","rolling"
"493","Cyclops",-0.238647342995169,-0.833733857096234,0.969082125603865,"Kasumigaura","Monthly","univariate EWS","rolling"
"494","Daphnia",0.334248455730954,-0.330130404941661,-0.534660260809883,"Kasumigaura","Monthly","univariate EWS","rolling"
"495","Diaphanosoma",0.28803477465111,-0.686113017616106,-0.274307938686799,"Kasumigaura","Monthly","univariate EWS","rolling"
"496","Dictyosphaerium",-0.233127430793869,-0.128803477465111,0.258750857927248,"Kasumigaura","Monthly","univariate EWS","rolling"
"497","Dolichospermum",0.308625028597575,0.0194463509494395,-0.854037977579501,"Kasumigaura","Monthly","univariate EWS","rolling"
"498","Elakatothrix",-0.507561309237459,-0.88654863958692,0.310203832995126,"Kasumigaura","Monthly","univariate EWS","rolling"
"499","Eodiaptomus",-0.565051764392883,-0.824805382794254,0.946722383631369,"Kasumigaura","Monthly","univariate EWS","rolling"
"500","Euchlanis",-0.0340883093113704,-0.523221230839625,0.727751086707847,"Kasumigaura","Monthly","univariate EWS","rolling"
"501","Euglena",-0.861645663951799,-0.972041087374065,0.975909359807116,"Kasumigaura","Monthly","univariate EWS","rolling"
"502","Filinia",-0.53054221002059,0.412033859528712,-0.146436335473791,"Kasumigaura","Monthly","univariate EWS","rolling"
"503","Glenodinium",-0.66984126984127,0.788559236318524,-1,"Kasumigaura","Monthly","univariate EWS","rolling"
"504","Gloeocystis",-0.846153846153846,0.691981065170877,-1,"Kasumigaura","Monthly","univariate EWS","rolling"
"505","Golenkinia",0.355429800337421,0.350660563508264,-0.444578437220936,"Kasumigaura","Monthly","univariate EWS","rolling"
"506","Gymnodinium",-0.454545454545455,0.644388693197192,-1,"Kasumigaura","Monthly","univariate EWS","rolling"
"507","Hexarthra",0.708533516357813,-0.773049645390071,0.576298329901624,"Kasumigaura","Monthly","univariate EWS","rolling"
"508","Keratella",-0.864561885152139,0.875543353923587,-0.407458247540609,"Kasumigaura","Monthly","univariate EWS","rolling"
"509","Kirchneriella",-0.577213452299245,-0.843056508808053,0.5973461450469,"Kasumigaura","Monthly","univariate EWS","rolling"
"510","Lagerheimia",-0.32773902440456,0.82478725622213,0.622079363402165,"Kasumigaura","Monthly","univariate EWS","rolling"
"511","Merismopedia",-0.831617478837795,-0.149393731411576,0.118279569892473,"Kasumigaura","Monthly","univariate EWS","rolling"
"512","Micractinium",-0.017451084082496,0.605267661513671,-0.772607086197779,"Kasumigaura","Monthly","univariate EWS","rolling"
"513","Microcystis",-0.0807595515900252,-0.739647677876916,0.326469915351178,"Kasumigaura","Monthly","univariate EWS","rolling"
"514","Moina",0.622969572180279,-0.239990848776024,-0.351178220086937,"Kasumigaura","Monthly","univariate EWS","rolling"
"515","Monoraphidium",0.0473575840768703,0.326927476549989,-0.0299702585220773,"Kasumigaura","Monthly","univariate EWS","rolling"
"516","Mougeotia",-0.655913978494624,0.343399679707161,0.0784717455959735,"Kasumigaura","Monthly","univariate EWS","rolling"
"517","Nitzschia",0.131221719457014,0.467204619529168,-0.59577677224736,"Kasumigaura","Monthly","univariate EWS","rolling"
"518","Ochromonas",0.555708075955159,0.435369480668039,0.38320750400366,"Kasumigaura","Monthly","univariate EWS","rolling"
"519","Oocystis",-0.533287577213452,0.280713795470144,-0.592312971859986,"Kasumigaura","Monthly","univariate EWS","rolling"
"520","Pediastrum",-0.417067032715626,0.83893845801876,0.0180736673530085,"Kasumigaura","Monthly","univariate EWS","rolling"
"521","Peridinium",-0.194859853776569,-0.349438298218733,0.0291620797061482,"Kasumigaura","Monthly","univariate EWS","rolling"
"522","Planktolyngbya",0.495238095238095,0.788559236318524,-1,"Kasumigaura","Monthly","univariate EWS","rolling"
"523","Planktothrix",-0.802791123312743,-0.485701212537177,-0.593228094257607,"Kasumigaura","Monthly","univariate EWS","rolling"
"524","Pleuroxus",-0.702330406962734,0.556521725410638,0.360932414298803,"Kasumigaura","Monthly","univariate EWS","rolling"
"525","Polyarthra",0.0212765957446809,0.920841912605811,-0.228094257606955,"Kasumigaura","Monthly","univariate EWS","rolling"
"526","Polyblepharides",-0.472922578656001,-0.339107357742426,0.0105967320863828,"Kasumigaura","Monthly","univariate EWS","rolling"
"527","Pompholyx",0.426675817890643,0.83848089681995,-0.807366735300846,"Kasumigaura","Monthly","univariate EWS","rolling"
"528","Pseudanabaena",-0.306794783802334,0.889727751086708,0.1946922900938,"Kasumigaura","Monthly","univariate EWS","rolling"
"529","Pseudodiaptomus",-0.525510204081633,-0.8753305375938,0.391156462585034,"Kasumigaura","Monthly","univariate EWS","rolling"
"530","Pteromonas",-0.496212121212121,0.762450984056377,-1,"Kasumigaura","Monthly","univariate EWS","rolling"
"531","Rhabdoderma",0.0981468771448181,0.827365295426919,0.444063143445436,"Kasumigaura","Monthly","univariate EWS","rolling"
"532","Rhabdogloea",-0.537878787878788,0.745047537745763,-0.954545454545454,"Kasumigaura","Monthly","univariate EWS","rolling"
"533","Romeria",-0.0461538461538462,0.691981065170877,-1,"Kasumigaura","Monthly","univariate EWS","rolling"
"534","Scenedesmus",0.0821322351864562,0.0709300999951175,0.777167696179364,"Kasumigaura","Monthly","univariate EWS","rolling"
"535","Schroederia",-0.598969854607425,0.529064941330885,0.542726744112139,"Kasumigaura","Monthly","univariate EWS","rolling"
"536","Snowella",0.147563486616335,0.83848089681995,0.331960649736902,"Kasumigaura","Monthly","univariate EWS","rolling"
"537","Staurastrum",0.137039579043697,0.0748112560054907,0.152139098604438,"Kasumigaura","Monthly","univariate EWS","rolling"
"538","Staurosirella",-0.401967513154884,0.694806680393503,-0.121024937085335,"Kasumigaura","Monthly","univariate EWS","rolling"
"539","Synchaeta",0.818805765271105,0.00434683138869824,0.107755662319835,"Kasumigaura","Monthly","univariate EWS","rolling"
"540","Tetradesmus",0.299242424242424,0.762450984056377,-1,"Kasumigaura","Monthly","univariate EWS","rolling"
"541","Tetraedron",-0.30221917181423,-0.068405399222146,0.429421185083505,"Kasumigaura","Monthly","univariate EWS","rolling"
"542","Tetrastrum",0.271562571493937,-0.337908945321437,-0.148021047815145,"Kasumigaura","Monthly","univariate EWS","rolling"
"543","Thalassiosiraceae",-0.0963166323495768,-0.193777167696179,-0.185998627316404,"Kasumigaura","Monthly","univariate EWS","rolling"
"544","Thermocyclops",-0.519481186751698,-0.431620822397439,0.567340871313122,"Kasumigaura","Monthly","univariate EWS","rolling"
"545","Treubaria",-0.238095238095238,0.379646911781536,-1,"Kasumigaura","Monthly","univariate EWS","rolling"
"546","Ulnaria",-0.422100205902539,0.775337451384123,0.069778082818577,"Kasumigaura","Monthly","univariate EWS","rolling"
"547","Urosolenia",1,0.322637835241548,-1,"Kasumigaura","Monthly","univariate EWS","rolling"
"548","Westella",-0.109585907115077,0.601006634637383,0.180050331731869,"Kasumigaura","Monthly","univariate EWS","rolling"
"549","pca1",0.600091512239762,0.837108213223519,0.345229924502402,"Kasumigaura","Monthly","univariate EWS","rolling"
"550","pca2",-0.54289636238847,0.130176161061542,-0.385495309997712,"Kasumigaura","Monthly","univariate EWS","rolling"
"551","Actinastrum",-0.039824013600144,-0.783181464432401,0.698411565015073,"Lower Zurich","Monthly","univariate EWS","rolling"
"552","Alona",0.51219518262307,0.475182935042499,0.0548406889561652,"Lower Zurich","Monthly","univariate EWS","rolling"
"553","Amphora",0.776575048591803,0.37555797257053,-0.61173389491013,"Lower Zurich","Monthly","univariate EWS","rolling"
"554","Anabaena",-0.0746186022790629,-0.938621293317256,0.807193586479264,"Lower Zurich","Monthly","univariate EWS","rolling"
"555","Ankistrodesmus",-0.554488408622454,-0.778866079069204,0.698246050873982,"Lower Zurich","Monthly","univariate EWS","rolling"
"556","Ankyra",-0.680640745957403,-0.942446977959198,0.106262427512336,"Lower Zurich","Monthly","univariate EWS","rolling"
"557","Aphanizomenon",-0.381574200995599,-0.915446216001732,0.920352066950437,"Lower Zurich","Monthly","univariate EWS","rolling"
"558","Aphanocapsa",-0.709451661298232,-0.625257246860389,-0.00187651128060664,"Lower Zurich","Monthly","univariate EWS","rolling"
"559","Aphanothece",0.448188256825352,-0.17588204942419,-0.861665207230373,"Lower Zurich","Monthly","univariate EWS","rolling"
"560","Asplanchna",-0.780082729523131,-0.751254703204764,0.74936302517745,"Lower Zurich","Monthly","univariate EWS","rolling"
"561","Asterionella",0.474785369020994,-0.680253949931462,-0.154029290815958,"Lower Zurich","Monthly","univariate EWS","rolling"
"562","Asterococcus",0.706280331074935,-0.910516520835659,0.97761282006591,"Lower Zurich","Monthly","univariate EWS","rolling"
"563","Aulacoseira",-0.601183175817041,-0.216939614746411,0.57304667772888,"Lower Zurich","Monthly","univariate EWS","rolling"
"564","Belonastrum",-0.744443442821871,-0.359673289585287,-0.0926298841374895,"Lower Zurich","Monthly","univariate EWS","rolling"
"565","Bitrichia",0.271307259100734,0.80356351476113,-0.94907402430397,"Lower Zurich","Monthly","univariate EWS","rolling"
"566","Bosmina",0.768559267008152,-0.0701969554866171,-0.163408123512012,"Lower Zurich","Monthly","univariate EWS","rolling"
"567","Botryococcus",-0.216621553339987,0.950942195767494,-0.960300782041123,"Lower Zurich","Monthly","univariate EWS","rolling"
"568","Bythotrephes",0.561922612182203,-0.941311072577496,-0.0521733536382035,"Lower Zurich","Monthly","univariate EWS","rolling"
"569","Canthocamptus",-0.201464196134509,0.0622059988436569,-0.216966200809102,"Lower Zurich","Monthly","univariate EWS","rolling"
"570","Carteria",-0.601645402853811,0.0554031044700323,-0.956700624401221,"Lower Zurich","Monthly","univariate EWS","rolling"
"571","Ceratium",0.541014356828512,0.188887750594057,-0.641524485054009,"Lower Zurich","Monthly","univariate EWS","rolling"
"572","Ceriodaphnia",-0.784511010200421,-0.364901320730956,0.351436244242833,"Lower Zurich","Monthly","univariate EWS","rolling"
"573","Chaoborus",0.709850593051261,0.934952262485588,-0.633171549375001,"Lower Zurich","Monthly","univariate EWS","rolling"
"574","Chlamydomonas",0.728748754267635,0.865909107792881,-0.887349021047309,"Lower Zurich","Monthly","univariate EWS","rolling"
"575","Chromulina",-0.807125977829132,0.910134786878628,-0.981930844573198,"Lower Zurich","Monthly","univariate EWS","rolling"
"576","Chroococcus",-0.255674912285794,-0.310364430994376,-0.557469499967121,"Lower Zurich","Monthly","univariate EWS","rolling"
"577","Chrysamoeba",0.0492306175844679,0.893876840175576,-0.237663371045721,"Lower Zurich","Monthly","univariate EWS","rolling"
"578","Chrysidiastrum",0.0731918053692181,0.812855050672036,-0.16882108087319,"Lower Zurich","Monthly","univariate EWS","rolling"
"579","Chrysochromulina",-0.671293165325008,0.918450209590579,-0.980792926084789,"Lower Zurich","Monthly","univariate EWS","rolling"
"580","Chrysococcus",0.535943761149031,0.786288368862522,-0.967640279079615,"Lower Zurich","Monthly","univariate EWS","rolling"
"581","Chrysolykos",0.353522457223709,0.933327634349476,-0.924653421612636,"Lower Zurich","Monthly","univariate EWS","rolling"
"582","Closterium",0.372916816968473,-0.524132457975615,0.100930668782916,"Lower Zurich","Monthly","univariate EWS","rolling"
"583","Cocconeis",0.555772007218578,0.59087525527331,-0.61215227428762,"Lower Zurich","Monthly","univariate EWS","rolling"
"584","Coelastrella",-0.266181939827091,0.61432059929309,-0.401895853847096,"Lower Zurich","Monthly","univariate EWS","rolling"
"585","Coelastrum",-0.609107328526953,-0.808665483829231,0.773374158779308,"Lower Zurich","Monthly","univariate EWS","rolling"
"586","Coelosphaerium",0.642916694637517,0.843239553555586,-0.855159568920465,"Lower Zurich","Monthly","univariate EWS","rolling"
"587","Coenochloris",0.660331989882347,0.978096148988757,-0.980600354999366,"Lower Zurich","Monthly","univariate EWS","rolling"
"588","Cosmarium",0.0260442969482721,-0.442559195670106,0.194356248219964,"Lower Zurich","Monthly","univariate EWS","rolling"
"589","Crucigenia",0.113157500050361,0.594062054802213,0.0380761504110984,"Lower Zurich","Monthly","univariate EWS","rolling"
"590","Crucigeniella",0.129006264467652,0.168534813358527,-0.910922191474122,"Lower Zurich","Monthly","univariate EWS","rolling"
"591","Cryptomonas",-0.810547579539716,-0.852680181805065,0.347954693023591,"Lower Zurich","Monthly","univariate EWS","rolling"
"592","Cyclops",-0.696414400115432,-0.88889690498521,-0.216073876343698,"Lower Zurich","Monthly","univariate EWS","rolling"
"593","Cyclotella",0.616618255983296,-0.262201266101347,-0.0465368971509738,"Lower Zurich","Monthly","univariate EWS","rolling"
"594","Cylindrotheca",-0.622427596785743,0.121376347331306,-0.70453204808144,"Lower Zurich","Monthly","univariate EWS","rolling"
"595","Cymatopleura",0.542805073204455,0.411139607541447,-0.47888239462501,"Lower Zurich","Monthly","univariate EWS","rolling"
"596","Cymbella",0.766927600513436,-0.702494057543905,-0.824425367719048,"Lower Zurich","Monthly","univariate EWS","rolling"
"597","Daphnia",0.00555515475073949,-0.666113556020489,-0.479258350768343,"Lower Zurich","Monthly","univariate EWS","rolling"
"598","Daphniidae",-0.0201312091824372,-0.238515343469066,-0.156753399399746,"Lower Zurich","Monthly","univariate EWS","rolling"
"599","Diacyclops",-0.421084749871049,-0.0616910223161022,-0.0442263913370494,"Lower Zurich","Monthly","univariate EWS","rolling"
"600","Diaphanosoma",0.718364188861361,0.052577032500933,0.258404491953155,"Lower Zurich","Monthly","univariate EWS","rolling"
"601","Diaptomus",-0.935358199264122,-0.884487736789894,0.773753697424428,"Lower Zurich","Monthly","univariate EWS","rolling"
"602","Diatoma",0.473321551168537,-0.746324648719344,-0.659806760984843,"Lower Zurich","Monthly","univariate EWS","rolling"
"603","Dictyosphaerium",-0.672478050329415,-0.938652678623429,0.780652209439977,"Lower Zurich","Monthly","univariate EWS","rolling"
"604","Dinobryon",0.878940913354015,0.799422720789752,-0.577314386558378,"Lower Zurich","Monthly","univariate EWS","rolling"
"605","Diploneis",0.179288664066876,-0.321640569015116,-0.749904139471107,"Lower Zurich","Monthly","univariate EWS","rolling"
"606","Dolichospermum",0.838155717250315,0.514897456835984,-0.452350013638432,"Lower Zurich","Monthly","univariate EWS","rolling"
"607","Elakatothrix",-0.432364187288075,-0.946377082401928,-0.488742975805,"Lower Zurich","Monthly","univariate EWS","rolling"
"608","Epithemia",-0.424895176755316,0.862449438584889,-0.960679214565829,"Lower Zurich","Monthly","univariate EWS","rolling"
"609","Erkenia",0.728302431282014,-0.615467859461799,-0.297164706731116,"Lower Zurich","Monthly","univariate EWS","rolling"
"610","Eudiaptomus",-0.756871798571532,-0.913570449462521,-0.24132457975615,"Lower Zurich","Monthly","univariate EWS","rolling"
"611","Eunotia",0.623583246685668,0.57890845014212,-0.610863617228297,"Lower Zurich","Monthly","univariate EWS","rolling"
"612","Eutetramorus",-0.508625092803355,-0.681395995935923,0.27157557900911,"Lower Zurich","Monthly","univariate EWS","rolling"
"613","Fotterella",0.562024240947449,0.933592945239502,-0.965452764307658,"Lower Zurich","Monthly","univariate EWS","rolling"
"614","Fragilaria",0.446793160666619,0.790635596277325,0.278984200274151,"Lower Zurich","Monthly","univariate EWS","rolling"
"615","Fragilariforma",0.820957960872431,0.826330080623976,-0.837222159499983,"Lower Zurich","Monthly","univariate EWS","rolling"
"616","Geitlerinema",0.465776347090523,0.912484899765784,-0.953794878732179,"Lower Zurich","Monthly","univariate EWS","rolling"
"617","Gloeotrichia",-0.696587914993488,0.577142453401655,-0.958431143611827,"Lower Zurich","Monthly","univariate EWS","rolling"
"618","Golenkinia",-0.578219656256252,0.226034099685414,0.186157103009917,"Lower Zurich","Monthly","univariate EWS","rolling"
"619","Gomphonema",0.66750838757764,0.9127346029611,0.188045941989484,"Lower Zurich","Monthly","univariate EWS","rolling"
"620","Gonium",0.309051057542959,0.096285986841776,-0.274740727743145,"Lower Zurich","Monthly","univariate EWS","rolling"
"621","Gymnodinium",0.52903830892432,0.454007647355891,-0.747204386407907,"Lower Zurich","Monthly","univariate EWS","rolling"
"622","Gyrosigma",-0.708921701294013,0.435683874626937,-0.440502408558605,"Lower Zurich","Monthly","univariate EWS","rolling"
"623","Hannaea",-0.460472010164869,0.464412122284179,-0.333848930444794,"Lower Zurich","Monthly","univariate EWS","rolling"
"624","Kephyrion",0.60248178342111,0.499170115334031,-0.407490267882893,"Lower Zurich","Monthly","univariate EWS","rolling"
"625","Kirchneriella",0.67640906332599,0.83674129828128,-0.977477965635165,"Lower Zurich","Monthly","univariate EWS","rolling"
"626","Koliella",-0.650358714780698,-0.831175644352228,0.703829614580655,"Lower Zurich","Monthly","univariate EWS","rolling"
"627","Lagerheimia",-0.435059210413832,-0.895340477645118,0.698554881765861,"Lower Zurich","Monthly","univariate EWS","rolling"
"628","Lanceola",0.41576092031015,0.296203828858344,0.823754471047914,"Lower Zurich","Monthly","univariate EWS","rolling"
"629","Leptodora",0.0869034215104187,-0.777022913865894,-0.572923016542976,"Lower Zurich","Monthly","univariate EWS","rolling"
"630","Leptolyngbya",0.315291927662896,0.98142101896282,-0.953184973990136,"Lower Zurich","Monthly","univariate EWS","rolling"
"631","Limnothrix",-0.841304984214777,0.905468324591975,-0.85733253467319,"Lower Zurich","Monthly","univariate EWS","rolling"
"632","Mallomonas",-0.571026621455883,-0.912665488851832,-0.842147031238727,"Lower Zurich","Monthly","univariate EWS","rolling"
"633","Megacyclops",0.0540172323546388,0.440799191121376,-0.793956939906871,"Lower Zurich","Monthly","univariate EWS","rolling"
"634","Melosira",-0.380643188790711,-0.0694668536338851,-0.105329641787348,"Lower Zurich","Monthly","univariate EWS","rolling"
"635","Meridion",-0.342316090469697,0.139451531414419,-0.825344874940441,"Lower Zurich","Monthly","univariate EWS","rolling"
"636","Merismopedia",-0.687148074668546,-0.28149110147901,-0.659388405867668,"Lower Zurich","Monthly","univariate EWS","rolling"
"637","Mesocyclops",0.639073367243885,0.32690393460749,-0.709563401071347,"Lower Zurich","Monthly","univariate EWS","rolling"
"638","Micractinium",0.39093665005213,0.917183287325928,-0.909296319309049,"Lower Zurich","Monthly","univariate EWS","rolling"
"639","Microcystis",-0.634777759183252,-0.858912491025903,0.844369417898538,"Lower Zurich","Monthly","univariate EWS","rolling"
"640","Monoraphidium",-0.390692865063308,-0.248253926953164,-0.689633170523399,"Lower Zurich","Monthly","univariate EWS","rolling"
"641","Mougeotia",-0.146825397207556,-0.935377984011262,-0.605938168706307,"Lower Zurich","Monthly","univariate EWS","rolling"
"642","Nephrocytium",-0.248336128327714,0.358211996693223,-0.781973705940703,"Lower Zurich","Monthly","univariate EWS","rolling"
"643","Nitzschia",0.757016088305317,-0.819552671685815,0.577375369742443,"Lower Zurich","Monthly","univariate EWS","rolling"
"644","Ochromonas",0.74918794824097,0.933787994255965,-0.700853844013013,"Lower Zurich","Monthly","univariate EWS","rolling"
"645","Oocystis",-0.463220176600916,-0.84312752419199,-0.384251771459606,"Lower Zurich","Monthly","univariate EWS","rolling"
"646","Oscillatoria",0.209552105139845,-0.500981154528086,0.768039093176628,"Lower Zurich","Monthly","univariate EWS","rolling"
"647","Pandorina",-0.626722458697064,-0.198975186165036,0.033121663353683,"Lower Zurich","Monthly","univariate EWS","rolling"
"648","Pediastrum",-0.795324182223209,-0.759696359203966,-0.335269720237334,"Lower Zurich","Monthly","univariate EWS","rolling"
"649","Peridinium",0.788816740869884,0.57361633575939,-0.866082129510758,"Lower Zurich","Monthly","univariate EWS","rolling"
"650","Phacotus",0.465550826058726,-0.901699073491715,-0.299473342471683,"Lower Zurich","Monthly","univariate EWS","rolling"
"651","Phormidium",-0.0242129057428204,0.353140326490273,-0.160041736893481,"Lower Zurich","Monthly","univariate EWS","rolling"
"652","Pinnularia",-0.130079026587139,-0.606700483471626,0.715844886681511,"Lower Zurich","Monthly","univariate EWS","rolling"
"653","Planktolyngbya",0.789293316050517,-0.361963224124993,-0.2273612838452,"Lower Zurich","Monthly","univariate EWS","rolling"
"654","Planktosphaeria",-0.214548612532611,-0.48314698518721,-0.405099183263643,"Lower Zurich","Monthly","univariate EWS","rolling"
"655","Planktothrix",-0.245797561503499,-0.717624990981892,0.635668422191761,"Lower Zurich","Monthly","univariate EWS","rolling"
"656","Polyphemus",0.336547446333761,0.278251036849169,0.493123206034848,"Lower Zurich","Monthly","univariate EWS","rolling"
"657","Pseudanabaena",0.295571437826543,0.931476445959299,-0.915373808688344,"Lower Zurich","Monthly","univariate EWS","rolling"
"658","Pseudopedinella",0.561886440540994,0.947940161979565,-0.753659982474914,"Lower Zurich","Monthly","univariate EWS","rolling"
"659","Pseudosphaerocystis",-0.809661651337722,-0.239803305484549,0.185360957328104,"Lower Zurich","Monthly","univariate EWS","rolling"
"660","Rhodomonas",0.718923598585961,-0.769425005410865,-0.0469663083471611,"Lower Zurich","Monthly","univariate EWS","rolling"
"661","Salpingoeca",-0.513892017934213,-0.184652275307583,-0.730145284563803,"Lower Zurich","Monthly","univariate EWS","rolling"
"662","Scenedesmus",-0.841960968766868,-0.954917549194188,-0.85073694332521,"Lower Zurich","Monthly","univariate EWS","rolling"
"663","Schroederia",-0.0767795179198845,-0.777097342230858,0.66579560257759,"Lower Zurich","Monthly","univariate EWS","rolling"
"664","Sphaerellopsis",0.761412799417726,0.867062622553789,-0.945593500015225,"Lower Zurich","Monthly","univariate EWS","rolling"
"665","Spirogyra",-0.622876491521329,0.46867609546889,-0.463199302471933,"Lower Zurich","Monthly","univariate EWS","rolling"
"666","Spumella",0.159159159159159,0.628542195166353,-1,"Lower Zurich","Monthly","univariate EWS","rolling"
"667","Staurastrum",-0.595988745400765,-0.673621279924262,-0.145779966551583,"Lower Zurich","Monthly","univariate EWS","rolling"
"668","Stauroneis",0.819388500645976,-0.718332635671588,0.800701831797433,"Lower Zurich","Monthly","univariate EWS","rolling"
"669","Staurosira",0.424181465118557,0.89065109809759,-0.964758205837014,"Lower Zurich","Monthly","univariate EWS","rolling"
"670","Stephanodiscus",0.359209292258856,-0.333369417698351,-0.163930878697396,"Lower Zurich","Monthly","univariate EWS","rolling"
"671","Stichococcus",0.12323566363833,0.968207941759988,-0.96308298931412,"Lower Zurich","Monthly","univariate EWS","rolling"
"672","Stylochrysalis",0.361368534657681,0.980390261124515,-0.98890881026625,"Lower Zurich","Monthly","univariate EWS","rolling"
"673","Surirella",-0.693623035676149,0.890489768991569,-0.8740336386991,"Lower Zurich","Monthly","univariate EWS","rolling"
"674","Synechococcus",-0.873347534485912,0.792717984679727,-0.745655241501194,"Lower Zurich","Monthly","univariate EWS","rolling"
"675","Synura",-0.00287367000062151,0.54120990344269,-0.922958206990897,"Lower Zurich","Monthly","univariate EWS","rolling"
"676","Tabellaria",-0.125969481702395,0.288920162005238,-0.209387064251691,"Lower Zurich","Monthly","univariate EWS","rolling"
"677","Tetrachlorella",0.187542289136007,0.576402323136254,-0.177414806173402,"Lower Zurich","Monthly","univariate EWS","rolling"
"678","Tetraedron",-0.514890205204781,-0.721927923738091,0.110850310915518,"Lower Zurich","Monthly","univariate EWS","rolling"
"679","Tetrastrum",0.017438571676945,0.700873913930604,-0.810274410308436,"Lower Zurich","Monthly","univariate EWS","rolling"
"680","Tribonema",-0.785281558252347,0.874688957071095,-0.926687288225458,"Lower Zurich","Monthly","univariate EWS","rolling"
"681","Ulnaria",-0.0449462520741649,0.0295072505591227,0.590505735516918,"Lower Zurich","Monthly","univariate EWS","rolling"
"682","Ulothrix",-0.718507946334758,-0.84789560333874,0.843887192474716,"Lower Zurich","Monthly","univariate EWS","rolling"
"683","Uroglena",0.840630737835881,0.985488649258223,-0.981963698197582,"Lower Zurich","Monthly","univariate EWS","rolling"
"684","Volvox",0.880339368643173,-0.808685170900438,0.698368716947003,"Lower Zurich","Monthly","univariate EWS","rolling"
"685","Westella",-0.247015321533724,0.026903987821148,-0.490038315753228,"Lower Zurich","Monthly","univariate EWS","rolling"
"686","Willea",-0.343302604161572,0.934177644463752,-0.92581219552896,"Lower Zurich","Monthly","univariate EWS","rolling"
"687","pca1",0.666257845754275,0.912127552124666,-0.0616838611932761,"Lower Zurich","Monthly","univariate EWS","rolling"
"688","pca2",0.432075607820504,-0.76105620085131,-0.48474136065219,"Lower Zurich","Monthly","univariate EWS","rolling"
"689","ACANTHOCYCLOPS",-0.621858637741204,-0.479136233792159,-0.554892529866923,"Mendota","Monthly","univariate EWS","rolling"
"690","Achnanthes",0.549832038840918,0.165031616173129,0.0406584024122829,"Mendota","Monthly","univariate EWS","rolling"
"691","Actinastrum",-0.441567059542669,-0.71754541384268,0.783254970879605,"Mendota","Monthly","univariate EWS","rolling"
"692","AGLAODIAPTOMUS",0.338935574229692,0.58375350140056,0.66218487394958,"Mendota","Monthly","univariate EWS","rolling"
"693","ALONA",0.733180969780369,-0.954501171580515,-0.103860193782591,"Mendota","Monthly","univariate EWS","rolling"
"694","Anabaena",-0.773587923324545,-0.159484336116328,0.136817563944568,"Mendota","Monthly","univariate EWS","rolling"
"695","Ankistrodesmus",0.372825196339215,0.470837033605246,-0.840210915040206,"Mendota","Monthly","univariate EWS","rolling"
"696","Aphanizomenon",0.550140056022409,-0.260893956073713,-0.324695338666613,"Mendota","Monthly","univariate EWS","rolling"
"697","Aphanocapsa",0.0176594297039997,-0.369478676714551,-0.335529164375994,"Mendota","Monthly","univariate EWS","rolling"
"698","Aphanothece",-0.585564264311989,-0.221474175012566,-0.325346813105887,"Mendota","Monthly","univariate EWS","rolling"
"699","Asterionella",0.549142620151231,0.526923884005499,-0.47847209929986,"Mendota","Monthly","univariate EWS","rolling"
"700","Aulacoseira",0.787200188655993,-0.763260632241076,0.46949990257655,"Mendota","Monthly","univariate EWS","rolling"
"701","Botryococcus",-0.595190906793252,0.765467858948957,-0.600826330453627,"Mendota","Monthly","univariate EWS","rolling"
"702","CALANOID",-0.115168993692482,-0.198481759501591,0.0444574004431738,"Mendota","Monthly","univariate EWS","rolling"
"703","Chlamydomonas",-0.39249194950123,-0.408071812987619,-0.888515406162465,"Mendota","Monthly","univariate EWS","rolling"
"704","Chlorella",0.398085955719355,-0.528204782474421,-0.714864328684302,"Mendota","Monthly","univariate EWS","rolling"
"705","Chlorococcaceae",0.515695148281057,0.160797236770766,-0.328425447380364,"Mendota","Monthly","univariate EWS","rolling"
"706","Chlorophyta",0.104019005538989,-0.944648893123354,0.941199904149217,"Mendota","Monthly","univariate EWS","rolling"
"707","Chromulina",0.261515645987607,0.547723508969056,-0.937893472286939,"Mendota","Monthly","univariate EWS","rolling"
"708","Chroococcaceae",-0.0750700280112045,-0.197198879551821,0.0492997198879552,"Mendota","Monthly","univariate EWS","rolling"
"709","Chroococcus",0.39978286217792,0.801568229142576,-0.736152596467808,"Mendota","Monthly","univariate EWS","rolling"
"710","Chrysococcus",0.0563050044473606,0.123568116153987,0.0827623159624427,"Mendota","Monthly","univariate EWS","rolling"
"711","Chrysophyceae",0.695236095064347,0.213140467825439,-0.546827115662451,"Mendota","Monthly","univariate EWS","rolling"
"712","CHYDORUS",-0.635131392980661,-0.788272929755406,-0.363337666984245,"Mendota","Monthly","univariate EWS","rolling"
"713","Closterium",-0.184241523339106,-0.348641212375679,0.311757953948317,"Mendota","Monthly","univariate EWS","rolling"
"714","Cocconeis",0.821994709749823,-0.868869607484665,0.851767396703095,"Mendota","Monthly","univariate EWS","rolling"
"715","Coelastrum",-0.905918150479392,0.897709503648689,-0.989355107841348,"Mendota","Monthly","univariate EWS","rolling"
"716","Coelosphaerium",0.672651432966766,0.326908560277378,-0.279057413524985,"Mendota","Monthly","univariate EWS","rolling"
"717","COPEPOD",-0.63249299719888,-0.647989920911024,0.766774065513823,"Mendota","Monthly","univariate EWS","rolling"
"718","COPEPODITES",0.0893325000573837,0.743223352957206,-0.577719441915617,"Mendota","Monthly","univariate EWS","rolling"
"719","Crucigenia",-0.204365717112904,-0.0378634959277571,-0.229145895524396,"Mendota","Monthly","univariate EWS","rolling"
"720","Cryptomonas",-0.543977591036415,-0.598319327731092,0.661624649859944,"Mendota","Monthly","univariate EWS","rolling"
"721","Cyanocatena",0.254587538608658,0.440269843407433,0.389144821058012,"Mendota","Monthly","univariate EWS","rolling"
"722","Cyanogranis",0.389095882029065,0.921938539503144,-0.93075501186653,"Mendota","Monthly","univariate EWS","rolling"
"723","CYCLOPOID",-0.383828132317934,-0.591315942868275,0.849769562567383,"Mendota","Monthly","univariate EWS","rolling"
"724","Cyclostephanos",-0.0851933988105224,-0.87241335724121,0.950090952868304,"Mendota","Monthly","univariate EWS","rolling"
"725","Cyclotella",-0.28234425413612,-0.745291930437765,-0.04905657124045,"Mendota","Monthly","univariate EWS","rolling"
"726","Cylindrospermopsis",0.36024729719737,-0.946081617319033,0.944823718397758,"Mendota","Monthly","univariate EWS","rolling"
"727","Dactylococcopsis",-0.587700100144018,-0.829785637879161,0.954305367912723,"Mendota","Monthly","univariate EWS","rolling"
"728","DAPHNIA",-0.0985994397759103,-0.219607843137255,0.889075630252101,"Mendota","Monthly","univariate EWS","rolling"
"729","Deasonia",0.169917437531927,0.260413486613782,-0.786118887317519,"Mendota","Monthly","univariate EWS","rolling"
"730","Desmarella",-0.0656069720453308,-0.657956435862593,-0.0224746110035258,"Mendota","Monthly","univariate EWS","rolling"
"731","DIACYCLOPS",-0.694677871148459,-0.911484593837535,0.423529411764706,"Mendota","Monthly","univariate EWS","rolling"
"732","DIAPHANOSOMA",0.0360773564734526,-0.584624941427274,0.0376848723207316,"Mendota","Monthly","univariate EWS","rolling"
"733","DIAPTOMID",0.547899159663865,0.00504201680672269,0.586554621848739,"Mendota","Monthly","univariate EWS","rolling"
"734","Dictyosphaerium",-0.602366873095103,0.0817851687456971,-0.169674973457471,"Mendota","Monthly","univariate EWS","rolling"
"735","Dinobryon",0.488953691267519,0.676049409937114,-0.594759987733106,"Mendota","Monthly","univariate EWS","rolling"
"736","Erkenia",-0.13923518836696,0.428832202429186,-0.791871252599985,"Mendota","Monthly","univariate EWS","rolling"
"737","Euglena",-0.567911915151677,0.57199852572049,-0.175548099097485,"Mendota","Monthly","univariate EWS","rolling"
"738","Fragilaria",-0.306901898325642,0.534921002189941,-0.158265300790891,"Mendota","Monthly","univariate EWS","rolling"
"739","Glenodinium",-0.141311793994793,-0.611923892894418,0.688062462056187,"Mendota","Monthly","univariate EWS","rolling"
"740","Gloeocystis",-0.702371916006614,-0.486629753714951,-0.335941404029235,"Mendota","Monthly","univariate EWS","rolling"
"741","Gloeotrichia",-0.589164400899395,0.691805399380142,-0.407852857694179,"Mendota","Monthly","univariate EWS","rolling"
"742","Golenkinia",-0.839629726885972,-0.181616255640707,-0.397553005977834,"Mendota","Monthly","univariate EWS","rolling"
"743","Gomphonema",0.821179313340251,-0.784035826353384,0.603614443892099,"Mendota","Monthly","univariate EWS","rolling"
"744","Gomphosphaeria",-0.640524591784054,0.174574160195361,-0.220100667685239,"Mendota","Monthly","univariate EWS","rolling"
"745","Gymnodinium",-0.413410592543415,-0.356957069009547,-0.715842605340437,"Mendota","Monthly","univariate EWS","rolling"
"746","HARPACTICOID",-0.25925455318113,-0.937844241187358,-0.120787227789299,"Mendota","Monthly","univariate EWS","rolling"
"747","Kephyrion",0.416607571559576,0.914506886883704,-0.819042945635537,"Mendota","Monthly","univariate EWS","rolling"
"748","LEPTODORA",0.136602539066794,-0.367609269537766,-0.61260064312133,"Mendota","Monthly","univariate EWS","rolling"
"749","Lobomonas",-0.733483052102974,-0.747706375366166,0.519537040245826,"Mendota","Monthly","univariate EWS","rolling"
"750","Lyngbya",-0.0462730230380612,-0.388444837987884,0.172150673369978,"Mendota","Monthly","univariate EWS","rolling"
"751","Mallomonas",-0.529086103854985,0.724085293889478,-0.462427844038072,"Mendota","Monthly","univariate EWS","rolling"
"752","Merismopedia",-0.416371425829772,-0.398129182049667,-0.169804298449994,"Mendota","Monthly","univariate EWS","rolling"
"753","MESOCYCLOPS",0.153069860697368,-0.330993432599827,0.128389377253937,"Mendota","Monthly","univariate EWS","rolling"
"754","Micractinium",0.288300540107064,-0.283173148803729,-0.053582911130909,"Mendota","Monthly","univariate EWS","rolling"
"755","Microcystis",0.398094975190041,0.227209199625972,-0.036434983302466,"Mendota","Monthly","univariate EWS","rolling"
"756","Monomastix",0.655417224539558,0.872347710070381,-0.790774484919557,"Mendota","Monthly","univariate EWS","rolling"
"757","Monoraphidium",-0.177534849010906,-0.883457289716854,0.496420196078133,"Mendota","Monthly","univariate EWS","rolling"
"758","Mougeotia",-0.33728234160109,-0.210530390592473,0.419500085576587,"Mendota","Monthly","univariate EWS","rolling"
"759","Navicula",-0.165707019306989,0.279578476340331,0.468409896728411,"Mendota","Monthly","univariate EWS","rolling"
"760","Nitzschia",-0.103104817182046,-0.535263246941619,0.718932509558318,"Mendota","Monthly","univariate EWS","rolling"
"761","Ochromonas",-0.514327804749543,-0.566379666697387,0.536002138226631,"Mendota","Monthly","univariate EWS","rolling"
"762","Oocystis",-0.673212443336213,-0.508308661119787,0.722987642838225,"Mendota","Monthly","univariate EWS","rolling"
"763","Oscillatoria",-0.353238140070849,-0.217539179919741,0.657883833575987,"Mendota","Monthly","univariate EWS","rolling"
"764","Pandorina",0.310218378686038,-0.939932840235144,0.956310511043665,"Mendota","Monthly","univariate EWS","rolling"
"765","Pediastrum",0.44599874499392,-0.511176422278228,0.0157380907176529,"Mendota","Monthly","univariate EWS","rolling"
"766","Peridinium",-0.135714134247703,-0.818207267404771,0.487275603510305,"Mendota","Monthly","univariate EWS","rolling"
"767","Phacotus",-0.711142881385318,-0.678785016534992,0.379163440859791,"Mendota","Monthly","univariate EWS","rolling"
"768","Phormidium",0.259405482995056,0.415743201242683,-0.271310342666141,"Mendota","Monthly","univariate EWS","rolling"
"769","Pseudanabaena",-0.822325413126442,0.617318244987063,-0.331969649876525,"Mendota","Monthly","univariate EWS","rolling"
"770","Pyramichlamys",-0.951718534181504,0.721420944575155,-0.668075366952023,"Mendota","Monthly","univariate EWS","rolling"
"771","Quadrigula",-0.280809755566173,0.598286189452973,-0.582846257266922,"Mendota","Monthly","univariate EWS","rolling"
"772","Rhabdoderma",-0.594837756163424,0.700069777205191,-0.414317596378638,"Mendota","Monthly","univariate EWS","rolling"
"773","Rhodomonas",0.304761904761905,-0.766386554621849,-0.326050420168067,"Mendota","Monthly","univariate EWS","rolling"
"774","Scenedesmus",0.419650052780464,-0.0877238499166417,-0.201047695878811,"Mendota","Monthly","univariate EWS","rolling"
"775","Schizochlamys",-0.632713356672487,-0.852911391150374,0.847977007870348,"Mendota","Monthly","univariate EWS","rolling"
"776","Schroederia",-0.695238095238095,-0.866750812176148,0.186554621848739,"Mendota","Monthly","univariate EWS","rolling"
"777","Selenastrum",-0.108497125908207,-0.380358084414763,0.00391840625375629,"Mendota","Monthly","univariate EWS","rolling"
"778","SINOBOSMINA",0.588250517401357,0.775715308072174,-0.707248244983339,"Mendota","Monthly","univariate EWS","rolling"
"779","Snowella",-0.467402385213056,0.754259612484461,-0.96726731600218,"Mendota","Monthly","univariate EWS","rolling"
"780","Sphaerocystis",-0.576793812588269,-0.531762439803812,-0.900224356673236,"Mendota","Monthly","univariate EWS","rolling"
"781","Staurastrum",-0.959554471167852,0.799684811859853,-0.981638947614742,"Mendota","Monthly","univariate EWS","rolling"
"782","Stephanodiscus",0.524103221350856,0.856264131339314,-0.215177700392599,"Mendota","Monthly","univariate EWS","rolling"
"783","Synechococcus",-0.619047619047619,-0.619047619047619,-0.0812324929971989,"Mendota","Monthly","univariate EWS","rolling"
"784","Synechocystis",0.514718432674666,0.37810610106708,-0.559775890775989,"Mendota","Monthly","univariate EWS","rolling"
"785","Synedra",0.472226129294741,0.927650906892875,-0.86661001862666,"Mendota","Monthly","univariate EWS","rolling"
"786","Synura",-0.141422594163931,0.753200678341529,-0.51454392671047,"Mendota","Monthly","univariate EWS","rolling"
"787","Tetraedron",-0.317865785717247,-0.416675932211835,0.616628739204905,"Mendota","Monthly","univariate EWS","rolling"
"788","Tetrastrum",0.218572094260241,0.923548145182799,-0.932411822319883,"Mendota","Monthly","univariate EWS","rolling"
"789","TROPOCYCLOPS",-0.153377539268898,0.475537474230449,-0.693506390364981,"Mendota","Monthly","univariate EWS","rolling"
"790","Uroglena",0.351366587766729,-0.427561914884289,-0.177399334805439,"Mendota","Monthly","univariate EWS","rolling"
"791","pca1",0.6296918767507,0.312605042016807,-0.462745098039216,"Mendota","Monthly","univariate EWS","rolling"
"792","pca2",-0.629131652661064,-0.8593837535014,0.179271708683473,"Mendota","Monthly","univariate EWS","rolling"
"793","Asterionella",-0.184326269492203,-0.621926026039584,-0.503665200586432,"Windermere","Monthly","univariate EWS","rolling"
"794","Aulacoseira",0.319205651072904,0.401039584166333,-0.285238254548802,"Windermere","Monthly","univariate EWS","rolling"
"795","Chlorella",-0.120618419298947,-0.879514860722378,-0.197920831667333,"Windermere","Monthly","univariate EWS","rolling"
"796","Tabellaria",-0.456914362894062,0.164378088765273,0.227805920445616,"Windermere","Monthly","univariate EWS","rolling"
"797","Ceratium",-0.720154959192184,-0.503437264460418,0.564626031165126,"Windermere","Monthly","univariate EWS","rolling"
"798","Cosmarium",-0.106771528541216,0.832277649748114,-0.358328341496834,"Windermere","Monthly","univariate EWS","rolling"
"799","Closterium",-0.264445185525618,0.816272310329881,-0.529058922322206,"Windermere","Monthly","univariate EWS","rolling"
"800","Cryptomonas",0.669198987071838,-0.086765293882447,-0.403971744635479,"Windermere","Monthly","univariate EWS","rolling"
"801","Gymnodinium",-0.0667732906837265,0.87098493935759,-0.686791949886712,"Windermere","Monthly","univariate EWS","rolling"
"802","Mallomonas",0.164478507529543,0.691348488308178,-0.854457056850878,"Windermere","Monthly","univariate EWS","rolling"
"803","Peridinium",0.446621351459416,0.657470345195255,-0.942689590830334,"Windermere","Monthly","univariate EWS","rolling"
"804","Staurastrum",-0.400186637341331,-0.593906325095788,0.301232923028174,"Windermere","Monthly","univariate EWS","rolling"
"805","Trachelomonas",-0.188133348384002,-0.69206176848133,-0.520736172226434,"Windermere","Monthly","univariate EWS","rolling"
"806","Woronichinia",0.690790350526456,0.788884446221511,-0.908836465413834,"Windermere","Monthly","univariate EWS","rolling"
"807","Botryococcus",-0.0297254068223361,0.941027887622675,-0.507871085903309,"Windermere","Monthly","univariate EWS","rolling"
"808","Rhodomonas",-0.0121284819405571,-0.210982273757164,0.312008529921365,"Windermere","Monthly","univariate EWS","rolling"
"809","Monoraphidium",0.210715713714514,0.13999067506507,-0.0477174276301267,"Windermere","Monthly","univariate EWS","rolling"
"810","zoobiomass",-0.615353858456617,-0.857923497267759,0.805411168865787,"Windermere","Monthly","univariate EWS","rolling"
"811","Bosmina",-0.124616819938691,0.5244700039351,-0.57489503893389,"Windermere","Monthly","univariate EWS","rolling"
"812","Daphnia",-0.479674796747967,0.184229824385649,0.375341553649265,"Windermere","Monthly","univariate EWS","rolling"
"813","TotCalanoids",0.0283886445421831,-0.161935225909636,-0.143009462881514,"Windermere","Monthly","univariate EWS","rolling"
"814","TotCyclopoids",0.346661335465814,0.0859656137544982,-0.449020391843263,"Windermere","Monthly","univariate EWS","rolling"
"815","pca1",-0.644142343062775,0.724376915900307,0.143276022924164,"Windermere","Monthly","univariate EWS","rolling"
"816","pca2",0.100892976142876,0.268825803012128,0.37651606024257,"Windermere","Monthly","univariate EWS","rolling"
